date,cash,holdings_value,nav,num_positions,daily_return
2023-01-02,100000000.0,0.0,100000000.0,0,0.0
2023-01-03,100000000.0,0.0,100000000.0,0,0.0
2023-01-04,100000000.0,0.0,100000000.0,0,0.0
2023-01-05,100000000.0,0.0,100000000.0,0,0.0
2023-01-06,100000000.0,0.0,100000000.0,0,0.0
2023-01-09,100000000.0,0.0,100000000.0,0,0.0
2023-01-10,100000000.0,0.0,100000000.0,0,0.0
2023-01-11,100000000.0,0.0,100000000.0,0,0.0
2023-01-12,100000000.0,0.0,100000000.0,0,0.0
2023-01-13,100000000.0,0.0,100000000.0,0,0.0
2023-01-16,100000000.0,0.0,100000000.0,0,0.0
2023-01-17,100000000.0,0.0,100000000.0,0,0.0
2023-01-18,100000000.0,0.0,100000000.0,0,0.0
2023-01-19,100000000.0,0.0,100000000.0,0,0.0
2023-01-20,100000000.0,0.0,100000000.0,0,0.0
2023-01-25,100000000.0,0.0,100000000.0,0,0.0
2023-01-26,100000000.0,0.0,100000000.0,0,0.0
2023-01-27,100000000.0,0.0,100000000.0,0,0.0
2023-01-30,100000000.0,0.0,100000000.0,0,0.0
2023-01-31,100000000.0,0.0,100000000.0,0,0.0
2023-02-01,100000000.0,0.0,100000000.0,0,0.0
2023-02-02,100000000.0,0.0,100000000.0,0,0.0
2023-02-03,69974042.81295,30323530.0,100297572.81295,3,0.002975728129499977
2023-02-06,9751988.0021,91885709.0,101637697.0021,9,0.013361481754391669
2023-02-07,9751988.0021,91889491.0,101641479.0021,9,3.7210603069048886e-05
2023-02-08,9751988.0021,92580379.0,102332367.0021,9,0.006797303687264611
2023-02-09,9751988.0021,93315961.0,103067949.0021,9,0.007188165597546536
2023-02-10,9751988.0021,91274113.0,101026101.0021,9,-0.01981069789172185
2023-02-13,9751988.0021,90002049.0,99754037.0021,9,-0.012591439117041192
2023-02-14,9751988.0021,90535835.0,100287823.0021,9,0.0053510215329808375
2023-02-15,9751988.0021,89589623.0,99341611.0021,9,-0.009434964003358526
2023-02-16,9751988.0021,90141148.0,99893136.0021,9,0.005551802456559063
2023-02-17,9751988.0021,89240043.0,98992031.0021,9,-0.009020689869833065
2023-02-20,9751988.0021,89877725.0,99629713.0021,9,0.0064417508515051125
2023-02-21,9751988.0021,89929782.0,99681770.0021,9,0.0005225047672163807
2023-02-22,9751988.0021,88251739.0,98003727.0021,9,-0.016834000840521224
2023-02-23,9751988.0021,88038153.0,97790141.0021,9,-0.002179366096918156
2023-02-24,9751988.0021,87731931.0,97483919.0021,9,-0.0031314199658779573
2023-02-27,9751988.0021,87277355.0,97029343.0021,9,-0.004663087047107828
2023-02-28,671.8698500003666,97408440.0,97409111.86985,10,0.003913958973645437
2023-03-02,671.8698500003666,98405230.0,98405901.86985,10,0.010233026262797873
2023-03-03,671.8698500003666,100433517.0,100434188.86985,10,0.02061143652422981
2023-03-06,671.8698500003666,101075471.0,101076142.86985,10,0.006391787569787422
2023-03-07,671.8698500003666,101195589.0,101196260.86985,10,0.0011883912126986473
2023-03-08,9908378.6089,89498476.0,99406854.6089,9,-0.01768253338185466
2023-03-09,6625455.13910001,92595335.0,99220790.13910002,9,-0.0018717468783417957
2023-03-10,6625455.13910001,90922326.0,97547781.13910002,9,-0.01686147628591317
2023-03-13,6625455.13910001,89520083.0,96145538.13910002,9,-0.014374934863976563
2023-03-14,6625455.13910001,84624477.0,91249932.13910002,9,-0.05091870194659687
2023-03-15,6625455.13910001,87281051.0,93906506.13910002,9,0.029113161376935093
2023-03-16,6625455.13910001,86488957.0,93114412.13910002,9,-0.008434921418828067
2023-03-17,6625455.13910001,88662923.0,95288378.13910002,9,0.02334725581204755
2023-03-20,6625455.13910001,88457022.0,95082477.13910002,9,-0.002160819651053636
2023-03-21,6625455.13910001,87795643.0,94421098.13910002,9,-0.006955845281906625
2023-03-22,6625455.13910001,87053249.0,93678704.13910002,9,-0.007862585954108603
2023-03-23,6625455.13910001,85451731.0,92077186.13910002,9,-0.017095859883180742
2023-03-24,6625455.13910001,86956271.0,93581726.13910002,9,0.016339986733816092
2023-03-27,6625455.13910001,86749603.0,93375058.13910002,9,-0.002208422611192362
2023-03-28,6625455.13910001,87951150.0,94576605.13910002,9,0.012867965214115928
2023-03-29,6625455.13910001,88839571.0,95465026.13910002,9,0.00939366557610466
2023-03-30,6625455.13910001,89502777.0,96128232.13910002,9,0.006947109604659385
2023-03-31,8347183.354500009,87066766.0,95413949.35450001,9,-0.0074305203445999
2023-04-03,8347183.354500009,87066700.0,95413883.35450001,9,-6.917227559632977e-07
2023-04-04,8347183.354500009,87953480.0,96300663.35450001,9,0.009294035299928671
2023-04-05,8347183.354500009,88277479.0,96624662.35450001,9,0.0033644524213432003
2023-04-06,8347183.354500009,86415691.0,94762874.35450001,9,-0.01926824844333641
2023-04-07,8952349.426750008,86106245.0,95058594.42675,9,0.003120632149081093
2023-04-10,393122.2836500015,92174878.0,92568000.28365,10,-0.02620062034495163
2023-04-11,393122.2836500015,93426241.0,93819363.28365,10,0.013518310821942103
2023-04-12,393122.2836500015,94894365.0,95287487.28365,10,0.015648411464500356
2023-04-13,393122.2836500015,96549757.0,96942879.28365,10,0.017372606280111613
2023-04-14,393122.2836500015,98309976.0,98703098.28365,10,0.018157279967409234
2023-04-17,393122.2836500015,98555602.0,98948724.28365,10,0.002488533838057805
2023-04-18,393122.2836500015,98401594.0,98794716.28365,10,-0.0015564425020631045
2023-04-19,393122.2836500015,99322704.0,99715826.28365,10,0.009323474317749936
2023-04-20,393122.2836500015,98725426.0,99118548.28365,10,-0.005989801441357856
2023-04-21,393122.2836500015,97264941.0,97658063.28365,10,-0.014734729526309165
2023-04-24,393122.2836500015,96163279.0,96556401.28365,10,-0.011280809417653526
2023-04-25,393122.2836500015,95416991.0,95810113.28365,10,-0.0077290370195929325
2023-04-26,393122.2836500015,95303839.0,95696961.28365,10,-0.001181002674164544
2023-04-27,393122.2836500015,95854248.0,96247370.28365,10,0.00575158283624666
2023-04-28,393122.2836500015,95945893.0,96339015.28365,10,0.0009521818594098175
2023-05-02,393122.2836500015,96331349.0,96724471.28365,10,0.004001037366482274
2023-05-03,8355057.934400002,87754187.0,96109244.9344,9,-0.0063606070013637606
2023-05-04,8355057.934400002,87013918.0,95368975.9344,9,-0.0077023703651535325
2023-05-08,8355057.934400002,86381195.0,94736252.9344,9,-0.0066344740918180545
2023-05-09,8355057.934400002,85846489.0,94201546.9344,9,-0.005644153990028045
2023-05-10,8355057.934400002,87297929.0,95652986.9344,9,0.015407814916359674
2023-05-11,27367783.598650005,67486331.0,94854114.59865001,7,-0.008351776158311397
2023-05-12,94641532.65599999,0.0,94641532.65599999,0,-0.002241146243887271
2023-05-15,94641532.65599999,0.0,94641532.65599999,0,0.0
2023-05-16,94641532.65599999,0.0,94641532.65599999,0,0.0
2023-05-17,94641532.65599999,0.0,94641532.65599999,0,0.0
2023-05-18,94641532.65599999,0.0,94641532.65599999,0,0.0
2023-05-19,94641532.65599999,0.0,94641532.65599999,0,0.0
2023-05-22,94641532.65599999,0.0,94641532.65599999,0,0.0
2023-05-23,66221785.48869999,27978830.0,94200615.48869999,3,-0.004658812626192721
2023-05-24,25219.88264998421,94199399.0,94224618.88264999,10,0.0002548114343572383
2023-05-25,25219.88264998421,92736870.0,92762089.88264999,10,-0.015521729006104823
2023-05-26,25219.88264998421,91657014.0,91682233.88264999,10,-0.011641134879195714
2023-05-30,25219.88264998421,94070919.0,94096138.88264999,10,0.026329037783805687
2023-05-31,25219.88264998421,93992048.0,94017267.88264999,10,-0.0008381959231967828
2023-06-01,25219.88264998421,94382139.0,94407358.88264999,10,0.004149142054275634
2023-06-02,25219.88264998421,95225904.0,95251123.88264999,10,0.008937491843711287
2023-06-05,25219.88264998421,95837033.0,95862252.88264999,10,0.0064159767894489406
2023-06-07,25219.88264998421,95537523.0,95562742.88264999,10,-0.0031243788977779463
2023-06-08,25219.88264998421,95063250.0,95088469.88264999,10,-0.004962948798805433
2023-06-09,25219.88264998421,96361724.0,96386943.88264999,10,0.013655430585879369
2023-06-12,25219.88264998421,95843903.0,95869122.88264999,10,-0.005372314746595164
2023-06-13,25219.88264998421,95943460.0,95968679.88264999,10,0.0010384678299588668
2023-06-14,25219.88264998421,94409137.0,94434356.88264999,10,-0.015987747272090846
2023-06-15,25219.88264998421,94434512.0,94459731.88264999,10,0.00026870517084720547
2023-06-16,25219.88264998421,95324092.0,95349311.88264999,10,0.009417557961154843
2023-06-19,25219.88264998421,95480197.0,95505416.88264999,10,0.0016371906300920447
2023-06-20,25219.88264998421,96354991.0,96380210.88264999,10,0.009159627051048558
2023-06-21,25219.88264998421,96377115.0,96402334.88264999,10,0.00022954919684647912
2023-06-22,25219.88264998421,95333466.0,95358685.88264999,10,-0.010825972226403358
2023-06-23,25219.88264998421,95383919.0,95409138.88264999,10,0.0005290865696501168
2023-06-26,8001559.438849986,87211903.0,95213462.43884999,9,-0.0020509192944365706
2023-06-27,38110705.86584998,57103458.0,95214163.86584997,6,7.3668889044586905e-06
2023-06-28,28598295.15924998,66968958.0,95567253.15924998,7,0.003708369417574131
2023-06-29,28598295.15924998,66037216.0,94635511.15924998,7,-0.009749594858056376
2023-06-30,28598295.15924998,66683871.0,95282166.15924998,7,0.006833111504114253
2023-07-03,28598295.15924998,67100360.0,95698655.15924998,7,0.004371111791307225
2023-07-04,28598295.15924998,67359663.0,95957958.15924998,7,0.002709578306701488
2023-07-05,9445280.493149979,85832644.0,95277924.49314998,9,-0.007086787580154907
2023-07-06,9445280.493149979,84408935.0,93854215.49314998,9,-0.014942695357541669
2023-07-07,9445280.493149979,84192178.0,93637458.49314998,9,-0.002309507344566919
2023-07-10,9445280.493149979,84432388.0,93877668.49314998,9,0.002565319519191922
2023-07-11,9445280.493149979,84147301.0,93592581.49314998,9,-0.0030367925042876776
2023-07-12,9445280.493149979,85312286.0,94757566.49314998,9,0.01244740749121509
2023-07-13,88827.93239997886,94825719.0,94914546.93239997,10,0.0016566533424149377
2023-07-14,88827.93239997886,94456085.0,94544912.93239997,10,-0.003894387235112262
2023-07-17,88827.93239997886,95167913.0,95256740.93239997,10,0.0075289931305870805
2023-07-18,88827.93239997886,93346485.0,93435312.93239997,10,-0.019121250445599425
2023-07-19,88827.93239997886,92206724.0,92295551.93239997,10,-0.012198396561529323
2023-07-20,88827.93239997886,91586663.0,91675490.93239997,10,-0.006718211084041692
2023-07-21,88827.93239997886,91285649.0,91374476.93239997,10,-0.0032834730083088903
2023-07-24,88827.93239997886,89065326.0,89154153.93239997,10,-0.02429915961809148
2023-07-25,88827.93239997886,87670622.0,87759449.93239997,10,-0.015643735468091835
2023-07-26,8610243.20659998,75430920.0,84041163.20659998,9,-0.04236907511002108
2023-07-27,6833946.695149984,76989689.0,83823635.69514999,9,-0.002588344843767132
2023-07-28,23317515.378749985,61963305.0,85280820.37874998,7,0.01738393558708773
2023-07-31,23317515.378749985,62646702.0,85964217.37874998,7,0.008013489984792566
2023-08-01,6250837.243649986,80608222.0,86859059.24364999,9,0.010409469104539326
2023-08-02,6250837.243649986,79327623.0,85578460.24364999,9,-0.014743413193179622
2023-08-03,6250837.243649986,78271884.0,84522721.24364999,9,-0.012336503800070897
2023-08-04,6280562.785449985,78800291.0,85080853.78544998,9,0.006603343261879724
2023-08-07,6280562.785449985,80049901.0,86330463.78544998,9,0.014687323227281723
2023-08-08,6280562.785449985,78521030.0,84801592.78544998,9,-0.01770951913104024
2023-08-09,6280562.785449985,78898342.0,85178904.78544998,9,0.004449350390795193
2023-08-10,6280562.785449985,80861235.0,87141797.78544998,9,0.023044355934654925
2023-08-11,6280562.785449985,82001726.0,88282288.78544998,9,0.013087760741498311
2023-08-14,16112698.689699985,74730028.0,90842726.68969998,8,0.029002849149873722
2023-08-16,16112698.689699985,77376619.0,93489317.68969998,8,0.029133768838095486
2023-08-17,16112698.689699985,73053088.0,89165786.68969998,8,-0.04624625686487749
2023-08-18,16112698.689699985,72210402.0,88323100.68969998,8,-0.009450777380931696
2023-08-21,16112698.689699985,70631822.0,86744520.68969998,8,-0.017872787387140376
2023-08-22,16112698.689699985,70916022.0,87028720.68969998,8,0.003276287628778629
2023-08-23,16112698.689699985,70419007.0,86531705.68969998,8,-0.005710930783092927
2023-08-24,16112698.689699985,70616782.0,86729480.68969998,8,0.002285578429589874
2023-08-25,16112698.689699985,70678747.0,86791445.68969998,8,0.0007144629427875415
2023-08-28,24775624.244699985,62974547.0,87750171.24469998,7,0.011046313923928297
2023-08-29,60564295.69439998,27394990.0,87959285.69439998,3,0.0023830660012829075
2023-08-30,43018222.88869998,44149453.0,87167675.88869998,5,-0.008999729811930535
2023-08-31,7905488.62754998,78758876.0,86664364.62754998,9,-0.005774058514450453
2023-09-01,8596515.783249978,78054043.0,86650558.78324997,9,-0.0001593024348511829
2023-09-04,8596515.783249978,77732309.0,86328824.78324997,9,-0.00371300548453235
2023-09-05,8596515.783249978,77761558.0,86358073.78324997,9,0.0003388091992846398
2023-09-06,8359504.881899977,77158061.0,85517565.88189998,9,-0.00973282363221284
2023-09-07,8359504.881899977,76038107.0,84397611.88189998,9,-0.01309618659570666
2023-09-08,8359504.881899977,76476490.0,84835994.88189998,9,0.005194258347184455
2023-09-11,8359504.881899977,76274479.0,84633983.88189998,9,-0.0023811944479606995
2023-09-12,8359504.881899977,75792995.0,84152499.88189998,9,-0.0056890149549366775
2023-09-13,6854184.764199978,76630109.0,83484293.76419997,9,-0.00794041910386234
2023-09-14,6854184.764199978,77511582.0,84365766.76419997,9,0.010558548922863231
2023-09-15,6854184.764199978,77610754.0,84464938.76419997,9,0.0011755004879785425
2023-09-18,6854184.764199978,77529699.0,84383883.76419997,9,-0.0009596289441028416
2023-09-19,6854184.764199978,76500172.0,83354356.76419997,9,-0.012200516900559899
2023-09-20,6854184.764199978,76320046.0,83174230.76419997,9,-0.0021609668287592143
2023-09-21,6854184.764199978,75149541.0,82003725.76419997,9,-0.014072928468895629
2023-09-22,6854184.764199978,74514138.0,81368322.76419997,9,-0.007748465012761607
2023-09-25,6854184.764199978,73451810.0,80305994.76419997,9,-0.013055793260954296
2023-09-26,6854184.764199978,72920323.0,79774507.76419997,9,-0.006618273038776157
2023-09-27,6854184.764199978,74019430.0,80873614.76419997,9,0.013777671975724104
2023-10-04,6854184.764199978,74916713.0,81770897.76419997,9,0.01109487936969522
2023-10-05,15126270.355449978,65539236.0,80665506.35544997,8,-0.013518151799403966
2023-10-06,47530600.16854998,33484203.0,81014803.16854998,4,0.0043301880677577564
2023-10-10,63551549.70729998,16730636.0,80282185.70729998,2,-0.009043007359109567
2023-10-11,63551549.70729998,17107872.0,80659421.70729998,2,0.004698875555971593
2023-10-12,63551549.70729998,17319086.0,80870635.70729998,2,0.0026185905568039125
2023-10-13,71535361.23129998,8825434.0,80360795.23129998,1,-0.006304395551498976
2023-10-16,71535361.23129998,8493200.0,80028561.23129998,1,-0.004134279645239269
2023-10-17,71535361.23129998,8713024.0,80248385.23129998,1,0.0027468193432174104
2023-10-18,71535361.23129998,8353312.0,79888673.23129998,1,-0.004482482718664027
2023-10-19,71535361.23129998,8200934.0,79736295.23129998,1,-0.001907379279648569
2023-10-20,79710462.28919998,0.0,79710462.28919998,0,-0.00032397971369335643
2023-10-23,79710462.28919998,0.0,79710462.28919998,0,0.0
2023-10-24,79710462.28919998,0.0,79710462.28919998,0,0.0
2023-10-25,79710462.28919998,0.0,79710462.28919998,0,0.0
2023-10-26,79710462.28919998,0.0,79710462.28919998,0,0.0
2023-10-27,79710462.28919998,0.0,79710462.28919998,0,0.0
2023-10-30,79710462.28919998,0.0,79710462.28919998,0,0.0
2023-10-31,79710462.28919998,0.0,79710462.28919998,0,0.0
2023-11-01,79710462.28919998,0.0,79710462.28919998,0,0.0
2023-11-02,79710462.28919998,0.0,79710462.28919998,0,0.0
2023-11-03,79710462.28919998,0.0,79710462.28919998,0,0.0
2023-11-06,79710462.28919998,0.0,79710462.28919998,0,0.0
2023-11-07,79710462.28919998,0.0,79710462.28919998,0,0.0
2023-11-08,7915271.660049989,71684722.0,79599993.66004999,9,-0.001385873647918312
2023-11-09,7915271.660049989,70979846.0,78895117.66004999,9,-0.008855226835950969
2023-11-10,7915271.660049989,69905887.0,77821158.66004999,9,-0.013612489997512522
2023-11-13,18210.471549988724,76744541.0,76762751.47154999,10,-0.013600506683837721
2023-11-14,18210.471549988724,78455756.0,78473966.47154999,10,0.02229225721063699
2023-11-15,18210.471549988724,78866079.0,78884289.47154999,10,0.005228778644045695
2023-11-16,18210.471549988724,79161895.0,79180105.47154999,10,0.0037499989159017755
2023-11-17,18210.471549988724,78865131.0,78883341.47154999,10,-0.0037479616657827286
2023-11-20,18210.471549988724,79344694.0,79362904.47154999,10,0.006079395104896301
2023-11-21,18210.471549988724,79867760.0,79885970.47154999,10,0.006590812212367014
2023-11-22,18210.471549988724,79468484.0,79486694.47154999,10,-0.00499807410041031
2023-11-23,18210.471549988724,79838285.0,79856495.47154999,10,0.004652363549126681
2023-11-24,18210.471549988724,80264396.0,80282606.47154999,10,0.005335959178822236
2023-11-27,18210.471549988724,79879957.0,79898167.47154999,10,-0.004788571483864801
2023-11-28,18210.471549988724,80452078.0,80470288.47154999,10,0.007160627309803047
2023-11-29,18210.471549988724,82155007.0,82173217.47154999,10,0.021162208218031386
2023-11-30,18210.471549988724,81905958.0,81924168.47154999,10,-0.0030307806808979043
2023-12-01,18210.471549988724,81639798.0,81658008.47154999,10,-0.003248858120451059
2023-12-04,18210.471549988724,81250082.0,81268292.47154999,10,-0.004772538631477641
2023-12-05,18210.471549988724,80029707.0,80047917.47154999,10,-0.015016619186716929
2023-12-06,18210.471549988724,81019664.0,81037874.47154999,10,0.012367055024908646
2023-12-07,18210.471549988724,80739904.0,80758114.47154999,10,-0.00345221295381104
2023-12-08,24611330.653049983,54842524.0,79453854.65304998,7,-0.01615020146315438
2023-12-11,16666586.692349983,62553654.0,79220240.69234999,8,-0.002940247036724797
2023-12-12,16666586.692349983,62386547.0,79053133.69234999,8,-0.002109397781924871
2023-12-13,76578.8685999848,79165099.0,79241677.86859998,10,0.002385031022093864
2023-12-14,76578.8685999848,78230003.0,78306581.86859998,10,-0.011800557801799672
2023-12-15,76578.8685999848,78934704.0,79011282.86859998,10,0.008999256297286706
2023-12-18,76578.8685999848,78949330.0,79025908.86859998,10,0.00018511280248834083
2023-12-19,76578.8685999848,79069597.0,79146175.86859998,10,0.0015218679762352139
2023-12-20,76578.8685999848,78820854.0,78897432.86859998,10,-0.0031428303044352957
2023-12-21,76578.8685999848,78911189.0,78987767.86859998,10,0.001144967544767228
2023-12-22,76578.8685999848,79261791.0,79338369.86859998,10,0.004438687273493391
2023-12-26,76578.8685999848,78825205.0,78901783.86859998,10,-0.005502835522371741
2023-12-27,76578.8685999848,78930573.0,79007151.86859998,10,0.0013354324177952126
2023-12-28,76578.8685999848,79154531.0,79231109.86859998,10,0.002834654771158851
2024-01-02,76578.8685999848,79267324.0,79343902.86859998,10,0.0014235948503946716
2024-01-03,76578.8685999848,79708692.0,79785270.86859998,10,0.005562721066682874
2024-01-04,76578.8685999848,79205165.0,79281743.86859998,10,-0.006311027016869697
2024-01-05,76578.8685999848,79535272.0,79611850.86859998,10,0.004163720219715561
2024-01-08,76578.8685999848,82020268.0,82096846.86859998,10,0.031213895580715745
2024-01-09,76578.8685999848,81954667.0,82031245.86859998,10,-0.0007990684478418331
2024-01-10,76578.8685999848,81694048.0,81770626.86859998,10,-0.00317706987429478
2024-01-11,76578.8685999848,81945557.0,82022135.86859998,10,0.003075786619615384
2024-01-12,1196947.666499989,80090182.0,81287129.66649999,10,-0.008961071231764595
2024-01-15,992984.9244999895,80385322.0,81378306.92449999,10,0.0011216690560249543
2024-01-16,992984.9244999895,79451968.0,80444952.92449999,10,-0.011469321927106813
2024-01-17,23994108.43559999,55805653.0,79799761.43559998,7,-0.008020285492683854
2024-01-18,23994108.43559999,55801451.0,79795559.43559998,7,-5.265679902299869e-05
2024-01-19,23994108.43559999,56182345.0,80176453.43559998,7,0.00477337338937267
2024-01-22,23994108.43559999,55991748.0,79985856.43559998,7,-0.0023772191439359602
2024-01-23,23994108.43559999,55877516.0,79871624.43559998,7,-0.0014281524895838338
2024-01-24,23994108.43559999,55585390.0,79579498.43559998,7,-0.003657444080601313
2024-01-25,23994108.43559999,55184110.0,79178218.43559998,7,-0.00504250476427337
2024-01-26,23994108.43559999,56022561.0,80016669.43559998,7,0.010589414823496623
2024-01-29,23994108.43559999,56561736.0,80555844.43559998,7,0.006738283457722982
2024-01-30,23994108.43559999,56480595.0,80474703.43559998,7,-0.0010072639740604794
2024-01-31,23994108.43559999,57797344.0,81791452.43559998,7,0.016362272164863967
2024-02-01,23994108.43559999,57493652.0,81487760.43559998,7,-0.00371300412153841
2024-02-02,23994108.43559999,57096613.0,81090721.43559998,7,-0.004872375898878456
2024-02-05,23994108.43559999,57090595.0,81084703.43559998,7,-7.421317622358092e-05
2024-02-06,23994108.43559999,56451154.0,80445262.43559998,7,-0.007886086683511984
2024-02-07,23994108.43559999,56424877.0,80418985.43559998,7,-0.00032664446860419805
2024-02-08,23994108.43559999,56402612.0,80396720.43559998,7,-0.0002768624831487321
2024-02-13,23994108.43559999,57375640.0,81369748.43559998,7,0.012102831990260299
2024-02-14,23994108.43559999,57539030.0,81533138.43559998,7,0.002007994409978009
2024-02-15,25008335.818349984,56986173.0,81994508.81834999,7,0.005658685432726518
2024-02-16,8071100.898049983,74363552.0,82434652.89804998,9,0.005367970197554195
2024-02-19,8071100.898049983,74334395.0,82405495.89804998,9,-0.0003536983413523487
2024-02-20,8071100.898049983,73733651.0,81804751.89804998,9,-0.007290096290946679
2024-02-21,8071100.898049983,73370023.0,81441123.89804998,9,-0.004445071851732707
2024-02-22,8071100.898049983,73031112.0,81102212.89804998,9,-0.004161423415819487
2024-02-23,8071100.898049983,71780475.0,79851575.89804998,9,-0.015420504019688308
2024-02-26,8071100.898049983,71438570.0,79509670.89804998,9,-0.004281756448194951
2024-02-27,80546.31564998347,78025751.0,78106297.31564999,10,-0.017650350788138036
2024-02-28,80546.31564998347,77852917.0,77933463.31564999,10,-0.0022128049330200072
2024-02-29,80546.31564998347,77780736.0,77861282.31564999,10,-0.000926187505714271
2024-03-04,80546.31564998347,78210513.0,78291059.31564999,10,0.005519778087621052
2024-03-05,80546.31564998347,77419588.0,77500134.31564999,10,-0.010102366820854858
2024-03-06,80546.31564998347,76954907.0,77035453.31564999,10,-0.005995873479488489
2024-03-07,80546.31564998347,77203708.0,77284254.31564999,10,0.003229694761197166
2024-03-08,80546.31564998347,79523902.0,79604448.31564999,10,0.03002156157868452
2024-03-11,80546.31564998347,78903050.0,78983596.31564999,10,-0.007799212394993038
2024-03-12,80546.31564998347,78157844.0,78238390.31564999,10,-0.009434946428899749
2024-03-13,80546.31564998347,77529925.0,77610471.31564999,10,-0.008025714709450016
2024-03-14,80546.31564998347,77226848.0,77307394.31564999,10,-0.003905104489925759
2024-03-15,80546.31564998347,77329368.0,77409914.31564999,10,0.0013261344649828644
2024-03-18,80546.31564998347,77771571.0,77852117.31564999,10,0.005712485330972683
2024-03-19,406999.40659998264,77115216.0,77522215.40659998,10,-0.0042375457524478355
2024-03-20,111300.56919998396,77666316.0,77777616.56919998,10,0.003294554486870993
2024-03-21,111300.56919998396,78436806.0,78548106.56919998,10,0.009906320532649504
2024-03-22,111300.56919998396,78419452.0,78530752.56919998,10,-0.00022093466994921318
2024-03-25,111300.56919998396,77811979.0,77923279.56919998,10,-0.007735479161042114
2024-03-26,111300.56919998396,77493746.0,77605046.56919998,10,-0.004083927187861658
2024-03-27,111300.56919998396,77636450.0,77747750.56919998,10,0.0018388494860672733
2024-03-28,111300.56919998396,77655076.0,77766376.56919998,10,0.0002395696320940388
2024-03-29,138649.6378499847,77790746.0,77929395.63784999,10,0.002096266739455732
2024-04-01,138649.6378499847,78978969.0,79117618.63784999,10,0.015247429936732226
2024-04-02,138649.6378499847,77878112.0,78016761.63784999,10,-0.013914182693478439
2024-04-03,138649.6378499847,76478996.0,76617645.63784999,10,-0.017933530828857402
2024-04-04,138649.6378499847,76407704.0,76546353.63784999,10,-0.0009304906122667989
2024-04-05,138649.6378499847,75743855.0,75882504.63784999,10,-0.008672509772846282
2024-04-08,138649.6378499847,76538132.0,76676781.63784999,10,0.010467195354063374
2024-04-09,138649.6378499847,76358533.0,76497182.63784999,10,-0.0023422866239777296
2024-04-11,138649.6378499847,76516863.0,76655512.63784999,10,0.0020697494278913986
2024-04-12,138649.6378499847,75853222.0,75991871.63784999,10,-0.008657446505319077
2024-04-15,138649.6378499847,74968629.0,75107278.63784999,10,-0.011640626568794832
2024-04-16,138649.6378499847,75060353.0,75199002.63784999,10,0.0012212398273976355
2024-04-17,138649.6378499847,74112232.0,74250881.63784999,10,-0.012608159240702244
2024-04-18,138649.6378499847,74731243.0,74869892.63784999,10,0.008336749495031714
2024-04-19,45273606.25769998,29277631.0,74551237.25769998,4,-0.004256121772357235
2024-04-22,67372583.50934999,7080500.0,74453083.50934999,1,-0.0013165944920633388
2024-04-23,67372583.50934999,7122983.0,74495566.50934999,1,0.0005706009475707763
2024-04-24,67372583.50934999,7108822.0,74481405.50934999,1,-0.00019009184926754852
2024-04-25,67372583.50934999,7108822.0,74481405.50934999,1,0.0
2024-04-26,67372583.50934999,7080500.0,74453083.50934999,1,-0.00038025598209801004
2024-04-29,67372583.50934999,7080500.0,74453083.50934999,1,0.0
2024-04-30,67372583.50934999,7122983.0,74495566.50934999,1,0.0005706009475707763
2024-05-02,44693124.44634999,29977635.0,74670759.44635,4,0.002351722997878225
2024-05-03,29754090.29124999,44740532.0,74494622.29124999,6,-0.002358850457742534
2024-05-07,22270679.25399999,52664018.0,74934697.254,7,0.005907472904949529
2024-05-08,14822895.14064999,61068694.0,75891589.14064999,8,0.01276967708839205
2024-05-09,7316979.252549989,68724051.0,76041030.25254999,9,0.001969139315597168
2024-05-10,7316979.252549989,68520451.0,75837430.25254999,9,-0.0026775018608217183
2024-05-13,7316979.252549989,68280784.0,75597763.25254999,9,-0.0031602732213087403
2024-05-14,7316979.252549989,68705222.0,76022201.25254999,9,0.005614425371053278
2024-05-16,7316979.252549989,68734221.0,76051200.25254999,9,0.0003814543583613439
2024-05-17,7316979.252549989,66749659.0,74066638.25254999,9,-0.02609507796602406
2024-05-20,7316979.252549989,66267508.0,73584487.25254999,9,-0.006509691966253062
2024-05-21,7316979.252549989,66102165.0,73419144.25254999,9,-0.002246981750820942
2024-05-22,7316979.252549989,67387927.0,74704906.25254999,9,0.017512625802027726
2024-05-23,7316979.252549989,68232139.0,75549118.25254999,9,0.011300623243485797
2024-05-24,7316979.252549989,67476360.0,74793339.25254999,9,-0.01000380967350989
2024-05-27,7316979.252549989,67116758.0,74433737.25254999,9,-0.004807941503798263
2024-05-28,7316979.252549989,67234099.0,74551078.25254999,9,0.001576449125507029
2024-05-29,7316979.252549989,67020585.0,74337564.25254999,9,-0.0028639961353301713
2024-05-30,7316979.252549989,66925629.0,74242608.25254999,9,-0.0012773622724225886
2024-05-31,7316979.252549989,67078168.0,74395147.25254999,9,0.002054601846437132
2024-06-03,7316979.252549989,67467366.0,74784345.25254999,9,0.005231497138903141
2024-06-04,7316979.252549989,66597116.0,73914095.25254999,9,-0.011636793730842032
2024-06-05,35604033.46654999,38482790.0,74086823.46655,5,0.0023368778770791465
2024-06-07,49900838.223249994,24286872.0,74187710.22325,3,0.0013617368376652728
2024-06-10,57153071.50074999,16953510.0,74106581.50074999,2,-0.0010935601362527247
2024-06-11,36904606.778749995,37060932.0,73965538.77875,5,-0.0019032415089685895
2024-06-12,14704880.102099996,58909157.0,73614037.1021,8,-0.004752235736448007
2024-06-13,7309457.134899996,66121239.0,73430696.1349,9,-0.0024905707446217784
2024-06-14,7309457.134899996,65829258.0,73138715.1349,9,-0.003976279885234968
2024-06-17,7309457.134899996,65583234.0,72892691.1349,9,-0.003363799863673078
2024-06-18,7309457.134899996,65037371.0,72346828.1349,9,-0.007488583443706176
2024-06-19,15670.915699996054,71823321.0,71838991.91569999,10,-0.00701946764346173
2024-06-20,15670.915699996054,72329598.0,72345268.91569999,10,0.007047384526137179
2024-06-21,15670.915699996054,71717069.0,71732739.91569999,10,-0.008466745775922768
2024-06-24,15670.915699996054,71475759.0,71491429.91569999,10,-0.003364014817830552
2024-06-25,15670.915699996054,72000411.0,72016081.91569999,10,0.007338669832435141
2024-06-26,15670.915699996054,71673241.0,71688911.91569999,10,-0.004543013050654077
2024-06-27,15670.915699996054,71582073.0,71597743.91569999,10,-0.0012717168884807117
2024-06-28,15670.915699996054,71584355.0,71600025.91569999,10,3.1872512668673636e-05
2024-07-01,15670.915699996054,73441047.0,73456717.91569999,10,0.025931443128051734
2024-07-02,15670.915699996054,72861027.0,72876697.91569999,10,-0.00789607835005146
2024-07-03,15670.915699996054,72288443.0,72304113.91569999,10,-0.007856887268168133
2024-07-04,15670.915699996054,73037028.0,73052698.91569999,10,0.010353283644036981
2024-07-05,15670.915699996054,72002254.0,72017924.91569999,10,-0.014164760718753056
2024-07-08,15670.915699996054,72361875.0,72377545.91569999,10,0.004993492945276401
2024-07-09,15670.915699996054,74170642.0,74186312.91569999,10,0.024990720217382245
2024-07-10,15670.915699996054,74418910.0,74434580.91569999,10,0.003346547230108632
2024-07-11,7086000.194749994,66678974.0,73764974.19475,9,-0.008995909061520035
2024-07-12,16294064.481849995,57964737.0,74258801.48185,8,0.00669460394300736
2024-07-15,1187774.8940499928,72665772.0,73853546.89404999,10,-0.005457327343198037
2024-07-16,1187774.8940499928,72119387.0,73307161.89404999,10,-0.007398222874574256
2024-07-17,1187774.8940499928,72115319.0,73303093.89404999,10,-5.549253162850931e-05
2024-07-18,1187774.8940499928,72000896.0,73188670.89404999,10,-0.0015609573064594429
2024-07-19,13892625.153499993,61526555.0,75419180.15349999,8,0.03047615474092913
2024-07-22,13892625.153499993,61439623.0,75332248.15349999,8,-0.001152651087204415
2024-07-23,13892625.153499993,61509246.0,75401871.15349999,8,0.0009242124283630471
2024-07-24,13892625.153499993,61561861.0,75454486.15349999,8,0.0006977943543720055
2024-07-25,13892625.153499993,61172596.0,75065221.15349999,8,-0.0051589377894391
2024-07-26,13892625.153499993,61550519.0,75443144.15349999,8,0.005034595171939715
2024-07-29,13892625.153499993,62582053.0,76474678.15349999,8,0.013672998541805148
2024-07-30,13892625.153499993,62961657.0,76854282.15349999,8,0.004963786826772454
2024-07-31,13892625.153499993,62855124.0,76747749.15349999,8,-0.001386168695027612
2024-08-01,13892625.153499993,63311758.0,77204383.15349999,8,0.005949803154314148
2024-08-02,13892625.153499993,61086955.0,74979580.15349999,8,-0.028817055575414474
2024-08-05,13892625.153499993,53768826.0,67661451.15349999,8,-0.09760162680316631
2024-08-06,13892625.153499993,57242355.0,71134980.15349999,8,0.05133689775762851
2024-08-07,31513121.199099995,39623759.0,71136880.19909999,5,2.6710425671039317e-05
2024-08-08,37371459.121599995,33930430.0,71301889.1216,4,0.0023195974020533416
2024-08-09,37371459.121599995,34588861.0,71960320.1216,4,0.009234411712109036
2024-08-12,58672261.568799995,13581472.0,72253733.5688,2,0.004077433878895809
2024-08-13,72210951.932,0.0,72210951.932,0,-0.0005921027839934645
2024-08-14,72210951.932,0.0,72210951.932,0,0.0
2024-08-16,72210951.932,0.0,72210951.932,0,0.0
2024-08-19,72210951.932,0.0,72210951.932,0,0.0
2024-08-20,36072052.93695,36392093.0,72464145.93695,5,0.003506310305788851
2024-08-21,36072052.93695,36061986.0,72134038.93695,5,-0.004555452848188146
2024-08-22,7058385.545949999,64472967.0,71531352.54595,9,-0.008355090050160552
2024-08-23,7058385.545949999,64086304.0,71144689.54595,9,-0.005405503827872082
2024-08-26,7058385.545949999,63865582.0,70923967.54595,9,-0.0031024381638132814
2024-08-27,7058385.545949999,63651139.0,70709524.54595,9,-0.0030235618144327514
2024-08-28,7058385.545949999,63322682.0,70381067.54595,9,-0.004645159221606021
2024-08-29,7058385.545949999,62744657.0,69803042.54595,9,-0.008212791026828703
2024-08-30,7058385.545949999,63674500.0,70732885.54595,9,0.01332095229785879
2024-09-02,7058385.545949999,63899766.0,70958151.54595,9,0.0031847421218758054
2024-09-03,7058385.545949999,63818720.0,70877105.54595,9,-0.0011421661674418937
2024-09-04,7058385.545949999,61541351.0,68599736.54595,9,-0.032131235925309753
2024-09-05,7058385.545949999,61746570.0,68804955.54595,9,0.002991542101077105
2024-09-06,7058385.545949999,61402263.0,68460648.54595,9,-0.00500410177243793
2024-09-09,7058385.545949999,61930525.0,68988910.54595,9,0.007716286819068552
2024-09-10,7058385.545949999,61653448.0,68711833.54595,9,-0.004016254174871392
2024-09-11,7058385.545949999,61082340.0,68140725.54595,9,-0.008311639648184932
2024-09-12,7058385.545949999,62091556.0,69149941.54595,9,0.014810760993723804
2024-09-13,7058385.545949999,62365043.0,69423428.54595,9,0.003954985266592992
2024-09-19,7058385.545949999,61955630.0,69014015.54595,9,-0.0058973319032927796
2024-09-20,7058385.545949999,62647500.0,69705885.54595,9,0.01002506511940826
2024-09-23,7058385.545949999,62873151.0,69931536.54595,9,0.003237187193486646
2024-09-24,13740059.610049997,55914041.0,69654100.61005,8,-0.003967250679780321
2024-09-25,6760636.493149997,62809765.0,69570401.49315,9,-0.00120163947516283
2024-09-26,6872735.812999995,63128286.0,70001021.813,9,0.006189705831903147
2024-09-27,6872735.812999995,62769167.0,69641902.813,9,-0.005130196541406895
2024-09-30,6872735.812999995,61996297.0,68869032.813,9,-0.011097772587795096
2024-10-02,6872735.812999995,61902899.0,68775634.813,9,-0.0013561683123037849
2024-10-04,6872735.812999995,62089666.0,68962401.813,9,0.0027155983439166587
2024-10-07,6872735.812999995,62563342.0,69436077.813,9,0.006868612280709563
2024-10-08,6872735.812999995,62748372.0,69621107.813,9,0.0026647530480956583
2024-10-10,6872735.812999995,63992830.0,70865565.813,9,0.017874722754233963
2024-10-11,6872735.812999995,65574796.0,72447531.813,9,0.022323479419814385
2024-10-14,6872735.812999995,65039889.0,71912624.813,9,-0.007383370925329702
2024-10-15,6872735.812999995,66017416.0,72890151.813,9,0.01359325991148208
2024-10-16,6872735.812999995,66091319.0,72964054.813,9,0.001013895542289367
2024-10-17,6872735.812999995,65453034.0,72325769.813,9,-0.00874793761991255
2024-10-18,6872735.812999995,63089506.0,69962241.813,9,-0.032678919368725134
2024-10-21,6872735.812999995,61970153.0,68842888.813,9,-0.015999387255083763
2024-10-22,12041730.029799996,57166501.0,69208231.0298,8,0.0053068984044581935
2024-10-23,12041730.029799996,57081703.0,69123433.0298,8,-0.0012252588852255109
2024-10-24,12041730.029799996,57748799.0,69790529.0298,8,0.009650793815642933
2024-10-25,12041730.029799996,57982474.0,70024204.0298,8,0.0033482336822554526
2024-10-28,12041730.029799996,57443508.0,69485238.0298,8,-0.007696852930604292
2024-10-29,43670372.97759999,25612160.0,69282532.9776,4,-0.0029172390848408725
2024-10-30,49804499.42109999,19756630.0,69561129.42109999,3,0.004021164231828411
2024-10-31,69498896.0366,0.0,69498896.0366,0,-0.0008946574763508686
2024-11-01,69498896.0366,0.0,69498896.0366,0,0.0
2024-11-04,69498896.0366,0.0,69498896.0366,0,0.0
2024-11-05,69498896.0366,0.0,69498896.0366,0,0.0
2024-11-06,69498896.0366,0.0,69498896.0366,0,0.0
2024-11-07,69498896.0366,0.0,69498896.0366,0,0.0
2024-11-08,69498896.0366,0.0,69498896.0366,0,0.0
2024-11-11,69498896.0366,0.0,69498896.0366,0,0.0
2024-11-12,69498896.0366,0.0,69498896.0366,0,0.0
2024-11-13,69498896.0366,0.0,69498896.0366,0,0.0
2024-11-14,69498896.0366,0.0,69498896.0366,0,0.0
2024-11-15,69498896.0366,0.0,69498896.0366,0,0.0
2024-11-18,69498896.0366,0.0,69498896.0366,0,0.0
2024-11-19,69498896.0366,0.0,69498896.0366,0,0.0
2024-11-20,69498896.0366,0.0,69498896.0366,0,0.0
2024-11-21,69498896.0366,0.0,69498896.0366,0,0.0
2024-11-22,69498896.0366,0.0,69498896.0366,0,0.0
2024-11-25,69498896.0366,0.0,69498896.0366,0,0.0
2024-11-26,69498896.0366,0.0,69498896.0366,0,0.0
2024-11-27,69498896.0366,0.0,69498896.0366,0,0.0
2024-11-28,69498896.0366,0.0,69498896.0366,0,0.0
2024-11-29,69498896.0366,0.0,69498896.0366,0,0.0
2024-12-02,69498896.0366,0.0,69498896.0366,0,0.0
2024-12-03,69498896.0366,0.0,69498896.0366,0,0.0
2024-12-04,69498896.0366,0.0,69498896.0366,0,0.0
2024-12-05,69498896.0366,0.0,69498896.0366,0,0.0
2024-12-06,69498896.0366,0.0,69498896.0366,0,0.0
2024-12-09,69498896.0366,0.0,69498896.0366,0,0.0
2024-12-10,69498896.0366,0.0,69498896.0366,0,0.0
2024-12-11,69498896.0366,0.0,69498896.0366,0,0.0
2024-12-12,69498896.0366,0.0,69498896.0366,0,0.0
2024-12-13,69498896.0366,0.0,69498896.0366,0,0.0
2024-12-16,55584292.62359999,13743448.0,69327740.62359999,2,-0.0024627069314866468
2024-12-17,13476008.721349988,55746372.0,69222380.72134998,8,-0.0015197365629154858
2024-12-18,6507706.378649988,63099776.0,69607482.37865,9,0.0055632535790730575
2024-12-19,6507706.378649988,61627838.0,68135544.37865,9,-0.02114626114464202
2024-12-20,6507706.378649988,60752428.0,67260134.37865,9,-0.012848066423819526
2024-12-23,6507706.378649988,61108388.0,67616094.37865,9,0.005292287969513643
2024-12-24,6507706.378649988,61505673.0,68013379.37865,9,0.00587559816417671
2024-12-26,6507706.378649988,62132097.0,68639803.37865,9,0.009210305468171365
2024-12-27,6507706.378649988,61089700.0,67597406.37865,9,-0.01518647998231637
2024-12-30,6507706.378649988,61205127.0,67712833.37865,9,0.0017075655144729307
