entry_date,exit_date,ticker,buy_price,sell_price,shares,return_pct,hold_days,exit_reason
2023-02-03,,090410,1953,,5120,,0,
2023-02-03,,123700,4465,,2239,,0,
2023-02-03,,083550,5612,,1781,,0,
2023-02-06,,377220,4311,,2326,,0,
2023-02-06,,306040,17424,,575,,0,
2023-02-06,,005320,3103,,3231,,0,
2023-02-06,,079970,869,,11539,,0,
2023-02-06,,054940,1512,,6632,,0,
2023-02-06,,140070,3955,,2535,,0,
2023-02-28,,234100,10395,,937,,0,
2023-02-03,2023-03-08,090410,1953,1890.0,5120,-0.032258064516129004,22,expiry
2023-02-03,2023-03-08,123700,4465,4600.0,2239,0.03023516237402024,22,expiry
2023-02-03,2023-03-08,083550,5612,5746.0,1781,0.02387740555951523,22,expiry
2023-03-08,,298540,26235,,385,,0,
2023-03-08,,061040,26396,,382,,0,
2023-02-06,2023-03-09,377220,4311,3900.0,2326,-0.09533750869867785,22,expiry
2023-02-06,2023-03-09,306040,17424,16130.0,575,-0.07426538108356295,22,expiry
2023-02-06,2023-03-09,005320,3103,3210.0,3231,0.034482758620689724,22,expiry
2023-02-06,2023-03-09,079970,869,780.0,11539,-0.10241657077100119,22,expiry
2023-02-06,2023-03-09,054940,1512,1390.0,6632,-0.0806878306878307,22,expiry
2023-02-06,2023-03-09,140070,3955,4195.0,2535,0.060682680151706636,22,expiry
2023-03-09,,090410,1871,,5399,,0,
2023-03-09,,155660,5861,,1723,,0,
2023-03-09,,083550,5689,,1775,,0,
2023-03-09,,025530,3416,,2957,,0,
2023-03-09,,093380,4113,,2456,,0,
2023-03-09,,129260,2648,,3815,,0,
2023-02-28,2023-03-31,234100,10395,12075.0,937,0.16161616161616155,22,expiry
2023-03-31,,054940,1237,,7717,,0,
2023-03-08,2023-04-07,298540,26235,27100.0,385,0.03297122165046695,22,expiry
2023-03-08,2023-04-07,061040,26396,25062.0,382,-0.05053796029701474,22,expiry
2023-04-07,,011080,10417,,927,,0,
2023-04-07,,017180,2673,,3614,,0,
2023-03-09,2023-04-10,090410,1871,1830.0,5399,-0.021913415285943372,22,expiry
2023-03-09,2023-04-10,155660,5861,5250.0,1723,-0.10424842177102889,22,expiry
2023-03-09,2023-04-10,083550,5689,5104.0,1775,-0.1028300228511162,22,expiry
2023-03-09,2023-04-10,025530,3416,3250.0,2957,-0.04859484777517564,22,expiry
2023-03-09,2023-04-10,093380,4113,4365.0,2456,0.06126914660831506,22,expiry
2023-03-09,2023-04-10,129260,2648,2490.0,3815,-0.059667673716012115,22,expiry
2023-04-10,,115480,5747,,1643,,0,
2023-04-10,,005320,2564,,3684,,0,
2023-04-10,,007980,1569,,6020,,0,
2023-04-10,,016100,3589,,2632,,0,
2023-04-10,,079970,805,,11734,,0,
2023-04-10,,032680,3821,,2472,,0,
2023-04-10,,060540,2223,,4249,,0,
2023-03-31,2023-05-03,054940,1237,1035.0,7717,-0.16329830234438159,22,expiry
2023-04-07,2023-05-11,011080,10417,10185.0,927,-0.022271287318805788,22,expiry
2023-04-07,2023-05-11,017180,2673,2665.0,3614,-0.002992891881780757,22,expiry
2023-04-10,2023-05-12,115480,5747,5815.0,1643,0.011832260309726728,22,expiry
2023-04-10,2023-05-12,005320,2564,2304.0,3684,-0.10140405616224646,22,expiry
2023-04-10,2023-05-12,007980,1569,1564.0,6020,-0.0031867431485022024,22,expiry
2023-04-10,2023-05-12,016100,3589,3530.0,2632,-0.016439119531903024,22,expiry
2023-04-10,2023-05-12,079970,805,1005.0,11734,0.24844720496894412,22,expiry
2023-04-10,2023-05-12,032680,3821,3195.0,2472,-0.16383145773357755,22,expiry
2023-04-10,2023-05-12,060540,2223,2600.0,4249,0.16959064327485374,22,expiry
2023-05-23,,046310,3316,,2854,,0,
2023-05-23,,005320,2237,,4230,,0,
2023-05-23,,123700,5336,,1773,,0,
2023-05-24,,225590,7489,,1261,,0,
2023-05-24,,089850,6184,,1528,,0,
2023-05-24,,004060,5237,,1804,,0,
2023-05-24,,060240,26962,,350,,0,
2023-05-24,,072470,4594,,2057,,0,
2023-05-24,,260930,5980,,1580,,0,
2023-05-24,,032750,5530,,1708,,0,
2023-05-23,2023-06-26,046310,3316,3365.0,2854,0.01477683956574194,22,expiry
2023-05-23,2023-06-26,005320,2237,2154.0,4230,-0.03710326329906122,22,expiry
2023-05-23,2023-06-26,123700,5336,4760.0,1773,-0.1079460269865068,22,expiry
2023-06-26,,036630,3008,,3170,,0,
2023-06-26,,007720,742,,12851,,0,
2023-05-24,2023-06-27,225590,7489,7690.0,1261,0.026839364401121557,22,expiry
2023-05-24,2023-06-27,089850,6184,6459.0,1528,0.04446959896507119,22,expiry
2023-05-24,2023-06-27,004060,5237,5470.0,1804,0.044491120870727485,22,expiry
2023-05-24,2023-06-27,060240,26962,28396.0,350,0.053185965432831495,22,expiry
2023-05-24,2023-06-27,072470,4594,4775.0,2057,0.039399216369177203,22,expiry
2023-05-24,2023-06-27,260930,5980,6050.0,1580,0.0117056856187292,22,expiry
2023-05-24,2023-06-27,032750,5530,5667.0,1708,0.024773960216998292,22,expiry
2023-06-27,,046310,3331,,2857,,0,
2023-06-27,,005320,2132,,4464,,0,
2023-06-27,,318010,9356,,1017,,0,
2023-06-27,,031310,2970,,3204,,0,
2023-06-28,,089850,6394,,1486,,0,
2023-07-05,,225590,7806,,1225,,0,
2023-07-05,,090410,2836,,3374,,0,
2023-07-13,,060240,27089,,345,,0,
2023-06-26,2023-07-26,036630,3008,2833.0,3170,-0.05817819148936165,22,expiry
2023-06-26,2023-07-26,007720,742,663.0,12851,-0.10646900269541781,22,expiry
2023-07-26,,004060,4821,,1849,,0,
2023-06-27,2023-07-27,046310,3331,3110.0,2857,-0.06634644250975685,22,expiry
2023-06-27,2023-07-27,005320,2132,1706.0,4464,-0.19981238273921198,22,expiry
2023-06-27,2023-07-27,318010,9356,8650.0,1017,-0.07545959811885417,22,expiry
2023-06-27,2023-07-27,031310,2970,2535.0,3204,-0.14646464646464652,22,expiry
2023-07-27,,036630,2805,,3124,,0,
2023-07-27,,123700,4010,,2185,,0,
2023-07-27,,072470,4118,,2128,,0,
2023-07-27,,260930,6237,,1405,,0,
2023-06-28,2023-07-28,089850,6394,6246.0,1486,-0.023146700031279277,22,expiry
2023-07-05,2023-07-28,090410,2836,2150.0,3374,-0.2418899858956276,17,stop_loss
2023-08-01,,065130,6019,,1416,,0,
2023-08-01,,025530,3930,,2169,,0,
2023-07-05,2023-08-04,225590,7806,7040.0,1225,-0.0981296438636946,22,expiry
2023-08-04,,090410,2188,,3911,,0,
2023-07-13,2023-08-14,060240,27089,28589.0,345,0.05537302964302859,22,expiry
2023-07-26,2023-08-28,004060,4821,4700.0,1849,-0.02509852727649864,22,expiry
2023-07-27,2023-08-29,036630,2805,3033.0,3124,0.08128342245989306,22,expiry
2023-07-27,2023-08-29,123700,4010,4120.0,2185,0.027431421446383997,22,expiry
2023-07-27,2023-08-29,072470,4118,3890.0,2128,-0.05536668285575519,22,expiry
2023-07-27,2023-08-29,260930,6237,6510.0,1405,0.04377104377104368,22,expiry
2023-08-30,,052770,7775,,1127,,0,
2023-08-30,,014100,3089,,2837,,0,
2023-08-31,,225590,7173,,1222,,0,
2023-08-31,,002070,1410,,6220,,0,
2023-08-31,,308100,5270,,1664,,0,
2023-08-31,,088910,3039,,2885,,0,
2023-08-01,2023-09-01,065130,6019,6770.0,1416,0.12477155673699958,22,expiry
2023-08-01,2023-09-01,025530,3930,3990.0,2169,0.01526717557251911,22,expiry
2023-09-01,,322780,11756,,743,,0,
2023-09-01,,002620,11088,,788,,0,
2023-08-04,2023-09-06,090410,2188,2155.0,3911,-0.015082266910420472,22,expiry
2023-09-06,,004060,4762,,1812,,0,
2023-08-30,2023-09-13,052770,7775,6202.0,1127,-0.20231511254019297,10,stop_loss
2023-09-13,,036630,3388,,2498,,0,
2023-08-30,2023-10-05,014100,3089,2925.0,2837,-0.05309161540951768,22,expiry
2023-08-31,2023-10-06,225590,7173,6875.0,1222,-0.04154468144430501,22,expiry
2023-08-31,2023-10-06,002070,1410,1311.0,6220,-0.07021276595744685,22,expiry
2023-08-31,2023-10-06,308100,5270,4454.0,1664,-0.1548387096774193,22,expiry
2023-08-31,2023-10-06,088910,3039,2960.0,2885,-0.025995393221454388,22,expiry
2023-09-01,2023-10-10,322780,11756,11025.0,743,-0.06218101395032327,22,expiry
2023-09-01,2023-10-10,002620,11088,10000.0,788,-0.09812409812409817,22,expiry
2023-09-06,2023-10-13,004060,4762,4420.0,1812,-0.0718185636287274,22,expiry
2023-09-13,2023-10-20,036630,3388,3283.0,2498,-0.030991735537190035,22,expiry
2023-11-08,,225590,6861,,1161,,0,
2023-11-08,,002070,1286,,6198,,0,
2023-11-08,,052770,6071,,1312,,0,
2023-11-08,,014100,2990,,2665,,0,
2023-11-08,,036630,3195,,2494,,0,
2023-11-08,,090410,1990,,4005,,0,
2023-11-08,,308100,4459,,1787,,0,
2023-11-08,,004060,4198,,1898,,0,
2023-11-08,,088910,2797,,2849,,0,
2023-11-13,,322780,10865,,726,,0,
2023-11-08,2023-12-08,225590,6861,6250.0,1161,-0.08905407375018215,22,expiry
2023-11-08,2023-12-08,002070,1286,1276.0,6198,-0.007776049766718529,22,expiry
2023-11-08,2023-12-08,052770,6071,5475.0,1312,-0.09817163564486908,22,expiry
2023-11-08,2023-12-08,014100,2990,3265.0,2665,0.09197324414715724,22,expiry
2023-11-08,2023-12-08,036630,3195,3561.0,2494,0.11455399061032856,22,expiry
2023-11-08,2023-12-08,090410,1990,1942.0,4005,-0.024120603015075348,22,expiry
2023-11-08,2023-12-08,308100,4459,4531.0,1787,0.01614711818793446,22,expiry
2023-11-08,2023-12-08,004060,4198,4920.0,1898,0.17198666031443555,22,expiry
2023-11-08,2023-12-08,088910,2797,2930.0,2849,0.047550947443689706,22,expiry
2023-12-08,,065060,25973,,312,,0,
2023-12-08,,227610,4534,,1787,,0,
2023-12-08,,087260,2807,,2886,,0,
2023-12-08,,072470,3465,,2338,,0,
2023-12-08,,009810,5215,,1553,,0,
2023-12-08,,090150,1225,,6615,,0,
2023-12-11,,044340,10266,,773,,0,
2023-11-13,2023-12-13,322780,10865,9950.0,726,-0.08421537045559135,22,expiry
2023-12-13,,002070,1272,,6228,,0,
2023-12-13,,007720,600,,13203,,0,
2023-12-13,,308100,4549,,1741,,0,
2023-12-08,2024-01-12,065060,25973,21485.0,312,-0.1727948253956031,22,expiry
2023-12-08,2024-01-12,227610,4534,3938.0,1787,-0.1314512571680635,22,expiry
2023-12-08,2024-01-12,087260,2807,3010.0,2886,0.07231920199501252,22,expiry
2023-12-08,2024-01-12,072470,3465,3405.0,2338,-0.017316017316017285,22,expiry
2023-12-08,2024-01-12,009810,5215,6300.0,1553,0.20805369127516782,22,expiry
2023-12-08,2024-01-12,090150,1225,1540.0,6615,0.2571428571428571,22,expiry
2024-01-12,,090410,1995,,4098,,0,
2024-01-12,,088910,3109,,2630,,0,
2024-01-12,,027580,8593,,951,,0,
2024-01-12,,115160,30195,,270,,0,
2024-01-12,,368970,7747,,1055,,0,
2024-01-12,,001070,7890,,1036,,0,
2023-12-11,2024-01-15,044340,10266,10430.0,773,0.015975063315799787,22,expiry
2024-01-15,,065060,21270,,387,,0,
2023-12-13,2024-01-17,002070,1272,1240.0,6228,-0.02515723270440251,22,expiry
2023-12-13,2024-01-17,007720,600,609.0,13203,0.014999999999999902,22,expiry
2023-12-13,2024-01-17,308100,4549,4199.0,1741,-0.07693998681028802,22,expiry
2024-01-12,2024-02-15,090410,1995,2015.0,4098,0.010025062656641603,22,expiry
2024-01-12,2024-02-15,088910,3109,3015.0,2630,-0.03023480218719843,22,expiry
2024-01-12,2024-02-15,027580,8593,11000.0,951,0.280111718840917,22,expiry
2024-01-12,2024-02-15,115160,30195,31250.0,270,0.034939559529723496,22,expiry
2024-01-12,2024-02-15,368970,7747,6665.0,1055,-0.13966696785852584,22,expiry
2024-01-12,2024-02-15,001070,7890,7600.0,1036,-0.03675538656527255,22,expiry
2024-02-15,,002070,1121,,7258,,0,
2024-02-15,,044340,9920,,820,,0,
2024-02-15,,227610,3782,,2151,,0,
2024-02-15,,009810,6059,,1342,,0,
2024-02-15,,090150,1361,,5978,,0,
2024-02-15,,008870,65241,,124,,0,
2024-01-15,2024-02-16,065060,21270,19545.0,387,-0.08110014104372354,22,expiry
2024-02-16,,090410,1995,,4085,,0,
2024-02-16,,007720,589,,13838,,0,
2024-02-16,,088910,2985,,2730,,0,
2024-02-27,,065060,19186,,416,,0,
2024-02-15,2024-03-19,002070,1121,1111.0,7258,-0.008920606601248937,22,expiry
2024-02-15,2024-03-19,044340,9920,9140.0,820,-0.0786290322580645,22,expiry
2024-02-15,2024-03-19,227610,3782,3600.0,2151,-0.04812268640930728,22,expiry
2024-02-15,2024-03-19,009810,6059,5809.0,1342,-0.041260934147549055,22,expiry
2024-02-15,2024-03-19,090150,1361,1345.0,5978,-0.011756061719323974,22,expiry
2024-02-15,2024-03-19,008870,65241,63100.0,124,-0.032816786989776414,22,expiry
2024-03-19,,087260,2341,,3306,,0,
2024-03-19,,308100,3986,,1942,,0,
2024-03-19,,072470,3826,,2023,,0,
2024-03-19,,368970,6625,,1168,,0,
2024-03-19,,013720,1721,,4497,,0,
2024-03-19,,004910,5623,,1376,,0,
2024-02-16,2024-03-20,090410,1995,1892.0,4085,-0.05162907268170425,22,expiry
2024-02-16,2024-03-20,007720,589,560.0,13838,-0.04923599320882854,22,expiry
2024-02-16,2024-03-20,088910,2985,2755.0,2730,-0.07705192629815749,22,expiry
2024-03-20,,002070,1100,,7031,,0,
2024-03-20,,044340,9049,,854,,0,
2024-03-20,,227610,3564,,2170,,0,
2024-02-27,2024-03-29,065060,19186,18835.0,416,-0.018294589805066153,22,expiry
2024-03-29,,007720,549,,14161,,0,
2024-03-19,2024-04-19,087260,2341,2585.0,3306,0.10422896198205889,22,expiry
2024-03-19,2024-04-19,308100,3986,3730.0,1942,-0.06422478675363774,22,expiry
2024-03-19,2024-04-19,072470,3826,3710.0,2023,-0.030318870883429216,22,expiry
2024-03-19,2024-04-19,368970,6625,6012.0,1168,-0.09252830188679251,22,expiry
2024-03-19,2024-04-19,013720,1721,1445.0,4497,-0.16037187681580478,22,expiry
2024-03-19,2024-04-19,004910,5623,6150.0,1376,0.09372221234216616,22,expiry
2024-03-20,2024-04-22,002070,1100,1019.0,7031,-0.07363636363636361,22,expiry
2024-03-20,2024-04-22,044340,9049,8930.0,854,-0.013150624378384324,22,expiry
2024-03-20,2024-04-22,227610,3564,3400.0,2170,-0.04601571268237936,22,expiry
2024-03-29,2024-05-02,007720,549,503.0,14161,-0.08378870673952643,22,expiry
2024-05-02,,036220,15167,,490,,0,
2024-05-02,,065060,19147,,388,,0,
2024-05-02,,024940,4005,,1859,,0,
2024-05-02,,016670,7237,,1028,,0,
2024-05-03,,090410,1782,,4187,,0,
2024-05-03,,041650,3960,,1884,,0,
2024-05-07,,192390,3257,,2295,,0,
2024-05-08,,260930,5623,,1323,,0,
2024-05-09,,308100,3643,,2058,,0,
2024-05-02,2024-06-05,036220,15167,13510.0,490,-0.10925034614623852,22,expiry
2024-05-02,2024-06-05,065060,19147,17275.0,388,-0.09776988562176847,22,expiry
2024-05-02,2024-06-05,024940,4005,4520.0,1859,0.1285892634207242,22,expiry
2024-05-02,2024-06-05,016670,7237,6470.0,1028,-0.1059831421859887,22,expiry
2024-05-03,2024-06-07,090410,1782,1666.0,4187,-0.0650953984287318,22,expiry
2024-05-03,2024-06-07,041650,3960,3910.0,1884,-0.012626262626262652,22,expiry
2024-05-07,2024-06-10,192390,3257,3170.0,2295,-0.026711697881486085,22,expiry
2024-05-08,2024-06-11,260930,5623,7160.0,1323,0.27334163258047295,22,expiry
2024-06-11,,069640,3615,,2051,,0,
2024-06-11,,004720,5277,,1405,,0,
2024-06-11,,069140,1750,,4237,,0,
2024-06-11,,041650,3802,,1950,,0,
2024-05-09,2024-06-12,308100,3643,3612.0,2058,-0.00850947021685422,22,expiry
2024-06-12,,289010,3549,,2084,,0,
2024-06-12,,024940,4752,,1556,,0,
2024-06-12,,016670,6455,,1145,,0,
2024-06-12,,192390,3128,,2364,,0,
2024-06-13,,368600,4496,,1643,,0,
2024-06-19,,024950,5486,,1328,,0,
2024-06-11,2024-07-11,069640,3615,3518.0,2051,-0.026832641770401122,22,expiry
2024-06-11,2024-07-11,004720,5277,5260.0,1405,-0.0032215273829827584,22,expiry
2024-06-11,2024-07-11,069140,1750,1622.0,4237,-0.07314285714285718,22,expiry
2024-06-11,2024-07-11,041650,3802,4085.0,1950,0.07443450815360331,22,expiry
2024-07-11,,079970,259,,28643,,0,
2024-07-11,,082850,2826,,2625,,0,
2024-07-11,,054940,806,,9204,,0,
2024-06-12,2024-07-12,289010,3549,3210.0,2084,-0.09551986475063401,22,expiry
2024-06-12,2024-07-12,024940,4752,5000.0,1556,0.05218855218855212,22,expiry
2024-06-12,2024-07-12,016670,6455,7350.0,1145,0.13865220759101482,22,expiry
2024-06-12,2024-07-12,192390,3128,3600.0,2364,0.15089514066496168,22,expiry
2024-07-12,,069640,3483,,2112,,0,
2024-07-12,,018620,4520,,1627,,0,
2024-07-12,,121850,11635,,632,,0,
2024-06-13,2024-07-15,368600,4496,4320.0,1643,-0.039145907473309594,22,expiry
2024-07-15,,289010,3178,,2324,,0,
2024-07-15,,024940,4950,,1492,,0,
2024-07-15,,016670,7276,,1015,,0,
2024-06-19,2024-07-19,024950,5486,5305.0,1328,-0.032993073277433504,22,expiry
2024-07-11,2024-07-19,079970,259,199.0,28643,-0.23166023166023164,6,stop_loss
2024-07-12,2024-08-07,069640,3483,2978.0,2112,-0.1449899511915016,18,stop_loss
2024-07-15,2024-08-07,289010,3178,2460.0,2324,-0.22592825676526118,17,stop_loss
2024-07-15,2024-08-07,024940,4950,3800.0,1492,-0.23232323232323238,17,stop_loss
2024-07-15,2024-08-08,016670,7276,5790.0,1015,-0.20423309510720178,18,stop_loss
2024-07-11,2024-08-12,082850,2826,5500.0,2625,0.94621372965322,22,expiry
2024-07-11,2024-08-12,054940,806,753.0,9204,-0.06575682382133996,22,expiry
2024-07-12,2024-08-13,018620,4520,4312.0,1627,-0.046017699115044275,22,expiry
2024-07-12,2024-08-13,121850,11635,10389.0,632,-0.10709067468844002,22,expiry
2024-08-20,,365900,3995,,1807,,0,
2024-08-20,,020120,3524,,2049,,0,
2024-08-20,,227610,3487,,2070,,0,
2024-08-20,,025750,3737,,1932,,0,
2024-08-20,,037400,1558,,4634,,0,
2024-08-22,,115480,3648,,1986,,0,
2024-08-22,,041650,3564,,2033,,0,
2024-08-22,,091340,2708,,2675,,0,
2024-08-22,,054940,830,,8730,,0,
2024-08-20,2024-09-24,365900,3995,3650.0,1807,-0.08635794743429281,22,expiry
2024-08-20,2024-09-24,020120,3524,3500.0,2049,-0.006810442678774176,22,expiry
2024-08-20,2024-09-24,227610,3487,3666.0,2070,0.05133352451964446,22,expiry
2024-08-20,2024-09-24,025750,3737,3610.0,1932,-0.03398447952903394,22,expiry
2024-08-20,2024-09-24,037400,1558,1374.0,4634,-0.11810012836970474,22,expiry
2024-09-24,,290090,8138,,856,,0,
2024-09-24,,007720,764,,9123,,0,
2024-09-24,,018620,4219,,1652,,0,
2024-09-24,,065130,4138,,1684,,0,
2024-09-25,,365900,3614,,1929,,0,
2024-08-22,2024-09-26,115480,3648,3720.0,1986,0.019736842105263053,22,expiry
2024-08-22,2024-09-26,041650,3564,3465.0,2033,-0.02777777777777779,22,expiry
2024-08-22,2024-09-26,091340,2708,2650.0,2675,-0.021418020679468297,22,expiry
2024-08-22,2024-09-26,054940,830,757.0,8730,-0.08795180722891571,22,expiry
2024-09-26,,020120,3505,,1990,,0,
2024-09-26,,227610,3782,,1844,,0,
2024-09-26,,025750,3628,,1922,,0,
2024-09-26,,091970,3599,,1938,,0,
2024-09-26,2024-10-22,227610,3782,2812.0,1844,-0.25647805393971446,15,stop_loss
2024-09-24,2024-10-29,290090,8138,8750.0,856,0.0752027525190464,22,expiry
2024-09-24,2024-10-29,007720,764,1160.0,9123,0.5183246073298429,22,expiry
2024-09-24,2024-10-29,018620,4219,4199.0,1652,-0.004740459824603027,22,expiry
2024-09-24,2024-10-29,065130,4138,3990.0,1684,-0.035766070565490526,22,expiry
2024-09-25,2024-10-30,365900,3614,3190.0,1929,-0.1173215273934698,22,expiry
2024-09-26,2024-10-31,020120,3505,3655.0,1990,0.042796005706134066,22,expiry
2024-09-26,2024-10-31,025750,3628,3480.0,1922,-0.040793825799338435,22,expiry
2024-09-26,2024-10-31,091970,3599,2990.0,1938,-0.1692136704640178,22,expiry
2024-12-16,,002070,1030,,6747,,0,
2024-12-16,,007720,883,,7870,,0,
2024-12-17,,289010,2693,,2603,,0,
2024-12-17,,225590,4717,,1486,,0,
2024-12-17,,362990,1871,,3747,,0,
2024-12-17,,365900,2891,,2425,,0,
2024-12-17,,000230,7009,,1000,,0,
2024-12-17,,060570,1722,,4071,,0,
2024-12-18,,054940,727,,9574,,0,
