fold,date,daily_return
1,2020-01-02,0.0
1,2020-01-03,0.0
1,2020-01-06,0.0
1,2020-01-07,0.0
1,2020-01-08,0.0
1,2020-01-09,0.0
1,2020-01-10,0.0
1,2020-01-13,0.0
1,2020-01-14,0.0
1,2020-01-15,0.0
1,2020-01-16,0.0
1,2020-01-17,0.0
1,2020-01-20,0.0
1,2020-01-21,0.0
1,2020-01-22,0.0
1,2020-01-23,0.0
1,2020-01-28,0.0
1,2020-01-29,0.0
1,2020-01-30,0.0
1,2020-01-31,0.0
1,2020-02-03,0.013717742686500056
1,2020-02-04,0.005477471455993976
1,2020-02-05,-0.008986928714110665
1,2020-02-06,0.014536017337027474
1,2020-02-07,-0.005655404301764144
1,2020-02-10,-0.0009205615376590703
1,2020-02-11,0.0013110038567762938
1,2020-02-12,0.007711776021414485
1,2020-02-13,0.004123404255595764
1,2020-02-14,0.004506474962517659
1,2020-02-17,-0.007717877804867435
1,2020-02-18,-0.011038971935122266
1,2020-02-19,0.0018736747955341304
1,2020-02-20,-0.005942406205846851
1,2020-02-21,-0.006588044627060863
1,2020-02-24,-0.016331363270716714
1,2020-02-25,0.00551899981128301
1,2020-02-26,-0.0060449386759030554
1,2020-02-27,-0.010150423902546835
1,2020-02-28,-0.018469925228803752
1,2020-03-02,0.0029279538993611798
1,2020-03-03,0.01088841569827359
1,2020-03-04,0.008707764191931089
1,2020-03-05,0.0022668049348060215
1,2020-03-06,-0.01392372328317315
1,2020-03-09,-0.0139602000661877
1,2020-03-10,0.003223814813321235
1,2020-03-11,-0.00728039895341992
1,2020-03-12,-0.010138533631241953
1,2020-03-13,-0.01168741041185728
1,2020-03-16,-0.0036289105160526303
1,2020-03-17,-0.0014599490233556667
1,2020-03-18,-0.003662104911873687
1,2020-03-19,0.00023176448846840003
1,2020-03-20,0.0
1,2020-03-23,0.0
1,2020-03-24,0.0
1,2020-03-25,0.0
1,2020-03-26,0.0
1,2020-03-27,0.0
1,2020-03-30,0.0
1,2020-03-31,0.0
1,2020-04-01,-0.011802200569894228
1,2020-04-02,0.008492254251360354
1,2020-04-03,-0.007072053642900644
1,2020-04-06,0.02029872017089529
1,2020-04-07,0.010677855711155093
1,2020-04-08,-0.0004383558189978709
1,2020-04-09,0.006099674751565365
1,2020-04-10,-0.0020584836573170895
1,2020-04-13,-0.015338135096612637
1,2020-04-14,0.010919151613111744
1,2020-04-16,0.0078203683151441
1,2020-04-17,0.01986734219601982
1,2020-04-20,-0.004042351208916162
1,2020-04-21,0.0008436409223282482
1,2020-04-22,0.0078091379967379915
1,2020-04-23,0.004963136233957499
1,2020-04-24,-0.00827661703910565
1,2020-04-27,0.007677442700633641
1,2020-04-28,-0.00024185921198061067
1,2020-04-29,0.0034884697126482678
1,2020-05-04,-0.012275826967637515
1,2020-05-06,0.016603925098868988
1,2020-05-07,0.005479517961964886
1,2020-05-08,0.005020176829777068
1,2020-05-11,0.002335150159658239
1,2020-05-12,0.0009852093955007302
1,2020-05-13,-0.0006746123010418215
1,2020-05-14,0.002748722545306892
1,2020-05-15,-0.0036121067974216325
1,2020-05-18,0.005223922875936093
1,2020-05-19,0.006080532440740027
1,2020-05-20,0.00946147420272081
1,2020-05-21,0.005398342908964571
1,2020-05-22,-0.0028431031860889355
1,2020-05-25,0.022658941223383078
1,2020-05-26,0.012233445511365959
1,2020-05-27,-0.01143469533630126
1,2020-05-28,0.0020269729498918476
1,2020-05-29,-0.0055120828696805235
1,2020-06-01,0.012390863804480734
1,2020-06-02,0.00024507259431194583
1,2020-06-03,0.0064541223729510655
1,2020-06-04,0.0016922303444555364
1,2020-06-05,0.005348289982732846
1,2020-06-08,0.002428174584163667
1,2020-06-09,-0.0019107327220293513
1,2020-06-10,0.008473699702274962
1,2020-06-11,-0.0019218698920562272
1,2020-06-12,-0.006475530856028033
1,2020-06-15,-0.024284214932669745
1,2020-06-16,0.021566073190170565
1,2020-06-17,0.00638335508606902
1,2020-06-18,-0.005457316324290584
1,2020-06-19,0.002397904171484999
1,2020-06-22,0.005960048079966418
1,2020-06-23,0.0036805618694208952
1,2020-06-24,0.004662039391693851
1,2020-06-25,-0.009011054246929828
1,2020-06-26,0.0018040608682203807
1,2020-06-29,-0.0053235810751901536
1,2020-06-30,0.003751761968562528
1,2020-07-01,-0.0005693832905273588
1,2020-07-02,0.013376496743543465
1,2020-07-03,-0.00044147370983471657
1,2020-07-06,0.021826919099160458
1,2020-07-07,-0.01648909463009507
1,2020-07-08,0.0024937702045961796
1,2020-07-09,0.009373863691731099
1,2020-07-10,0.003329157515236769
1,2020-07-13,0.007605570351324253
1,2020-07-14,-0.005906296522988352
1,2020-07-15,0.000633329324429166
1,2020-07-16,-0.02109206720712331
1,2020-07-17,0.0038910742520485986
1,2020-07-20,-0.015898783505585712
1,2020-07-21,0.019134801828840642
1,2020-07-22,-0.012305068266538433
1,2020-07-23,-0.010597026083917105
1,2020-07-24,-0.00901145350502297
1,2020-07-27,0.0007087686093583123
1,2020-07-28,0.01339454605710877
1,2020-07-29,-0.003557481536285767
1,2020-07-30,0.006021039176478116
1,2020-07-31,-0.006820408627167929
1,2020-08-03,0.019316338611182537
1,2020-08-04,0.007646380582514656
1,2020-08-05,0.016539714247026716
1,2020-08-06,0.002457660720090349
1,2020-08-07,0.003908655361953395
1,2020-08-10,-0.0027098889958555583
1,2020-08-11,0.00015223712473222406
1,2020-08-12,0.010820965940790073
1,2020-08-13,0.01570804356735489
1,2020-08-14,-0.013195006513279872
1,2020-08-18,-0.024074444928634753
1,2020-08-19,0.01702821180803049
1,2020-08-20,-0.030378749481944634
1,2020-08-21,0.0069423731819611145
1,2020-08-24,0.015741542623161964
1,2020-08-25,-0.0015292997155845756
1,2020-08-26,-0.0010549711257002992
1,2020-08-27,0.005319002495359548
1,2020-08-28,-0.0014723768444693253
1,2020-08-31,-0.013328788275748682
1,2020-09-01,0.003263209379126275
1,2020-09-02,0.018630506467905095
1,2020-09-03,0.003953501707128382
1,2020-09-04,-0.02143270156759325
1,2020-09-07,0.0017273060088072167
1,2020-09-08,0.0047485286945441185
1,2020-09-09,-0.01540234221886383
1,2020-09-10,0.009219249124438056
1,2020-09-11,0.003237048519322938
1,2020-09-14,0.004105059181726656
1,2020-09-15,0.003913889555645866
1,2020-09-16,-0.0035054436729085037
1,2020-09-17,-0.0184187276423613
1,2020-09-18,0.005522114654809451
1,2020-09-21,-0.024136766748473426
1,2020-09-22,-0.028509095546121688
1,2020-09-23,0.005220053858420615
1,2020-09-24,-0.02407322505024001
1,2020-09-25,-0.0006295282429616966
1,2020-09-28,0.020945051894567968
1,2020-09-29,-0.0014786277961479355
1,2020-10-05,-0.001549265417002399
1,2020-10-06,0.007944663442682076
1,2020-10-07,0.004747351679526668
1,2020-10-08,0.0031357381639443016
1,2020-10-12,0.007755305378865263
1,2020-10-13,-0.0042323090563878285
1,2020-10-14,-0.009520080446095647
1,2020-10-15,-0.0069337957968635955
1,2020-10-16,0.001182794776298346
1,2020-10-19,-0.002528646778771737
1,2020-10-20,-0.0030718783104242142
1,2020-10-21,-0.00045077260290737886
1,2020-10-22,-0.004808541448981352
1,2020-10-23,0.004130163117780139
1,2020-10-26,-0.006887728864579334
1,2020-10-27,-0.003401197198598216
1,2020-10-28,0.007334040063281311
1,2020-10-29,0.010951032483576428
1,2020-10-30,0.0019567843175938293
1,2020-11-02,0.0065714923370221445
1,2020-11-03,0.022451354634462906
1,2020-11-04,0.004359957659099356
1,2020-11-05,0.012488253895194923
1,2020-11-06,0.010328390263919962
1,2020-11-09,0.012147155331730275
1,2020-11-10,-0.002018043754293153
1,2020-11-11,-0.012347287541229157
1,2020-11-12,-0.0055087586322024595
1,2020-11-13,-0.0029235907338425182
1,2020-11-16,0.0008103706361690666
1,2020-11-17,-0.0017565893695664636
1,2020-11-18,0.00921518129033072
1,2020-11-19,0.0014943245791738669
1,2020-11-20,-0.0006324102523254105
1,2020-11-23,0.0030480858545394174
1,2020-11-24,0.012626732711746413
1,2020-11-25,-0.0035320740527738925
1,2020-11-26,0.006441358573163525
1,2020-11-27,0.0036594121256638967
1,2020-11-30,-0.004172996161807552
1,2020-12-01,-0.008008819925761412
1,2020-12-02,-0.00388416273095038
1,2020-12-03,-0.016613131459144448
1,2020-12-04,-0.0008176492181540818
1,2020-12-07,-0.004542181579752169
1,2020-12-08,-0.008296002863251273
1,2020-12-09,0.023825811411949616
1,2020-12-10,0.011686951536279855
1,2020-12-11,0.005429572917702519
1,2020-12-14,0.000871934100072691
1,2020-12-15,8.232273154518133e-05
1,2020-12-16,0.020477735987866286
1,2020-12-17,0.007347275879604487
1,2020-12-18,-0.0033250419126936714
1,2020-12-21,-8.586219284700825e-05
1,2020-12-22,-0.0191949994278664
1,2020-12-23,0.004461226107426608
1,2020-12-24,0.007963458037780313
1,2020-12-28,0.006827107073545502
1,2020-12-29,0.02724326367862484
1,2020-12-30,0.019045549729336253
2,2021-01-04,0.0
2,2021-01-05,0.0
2,2021-01-06,0.0
2,2021-01-07,0.0
2,2021-01-08,0.0
2,2021-01-11,0.0
2,2021-01-12,0.0
2,2021-01-13,0.0
2,2021-01-14,0.0
2,2021-01-15,0.0
2,2021-01-18,0.0
2,2021-01-19,0.0
2,2021-01-20,0.0
2,2021-01-21,0.0
2,2021-01-22,0.0
2,2021-01-25,0.0
2,2021-01-26,0.0
2,2021-01-27,0.0
2,2021-01-28,0.0
2,2021-01-29,0.0
2,2021-02-01,0.033819585939500074
2,2021-02-02,0.0057791127980715284
2,2021-02-03,0.011394851611993495
2,2021-02-04,0.0018834633459763328
2,2021-02-05,0.018459066243163846
2,2021-02-08,-0.004045674188473347
2,2021-02-09,0.0023924734437934525
2,2021-02-10,0.01102506838734163
2,2021-02-15,0.0020304058973945605
2,2021-02-16,-0.0069471989626451736
2,2021-02-17,-0.00903161887434445
2,2021-02-18,-0.014723505936218517
2,2021-02-19,-0.0016455549797408375
2,2021-02-22,-0.01629411277919124
2,2021-02-23,-0.021467477052734663
2,2021-02-24,-0.02072311138673333
2,2021-02-25,0.01573949975928235
2,2021-02-26,-0.002380419162890446
2,2021-03-02,-0.009628311148502933
2,2021-03-03,0.015387701895077432
2,2021-03-04,-0.010039482565833646
2,2021-03-05,-0.010360355088760875
2,2021-03-08,-0.026208459932864248
2,2021-03-09,-0.02225852962349162
2,2021-03-10,-0.002242110768186256
2,2021-03-11,0.01794322794051384
2,2021-03-12,0.020028457348329365
2,2021-03-15,-0.0025087382233486277
2,2021-03-16,0.006922385085154303
2,2021-03-17,0.0052123222109488054
2,2021-03-18,0.002942091612381903
2,2021-03-19,0.004142173536919591
2,2021-03-22,0.009264343592642499
2,2021-03-23,-0.008883483817972548
2,2021-03-24,0.0040129342806281
2,2021-03-25,0.012820745168761194
2,2021-03-26,0.02301601959595767
2,2021-03-29,0.003895923036275173
2,2021-03-30,-0.005430891315304609
2,2021-03-31,0.007063214299082965
2,2021-04-01,0.0012348698968280836
2,2021-04-02,0.003152225490502758
2,2021-04-05,0.0012928759497432551
2,2021-04-06,-0.002930904569259263
2,2021-04-07,0.0026007697861174517
2,2021-04-08,0.010222640860427346
2,2021-04-09,0.004490187861237116
2,2021-04-12,0.00042230481825100696
2,2021-04-13,0.002957643442642155
2,2021-04-14,0.010272022709650441
2,2021-04-15,0.005785804566419639
2,2021-04-16,0.005360370137732939
2,2021-04-19,0.014513334460409588
2,2021-04-20,0.007874041434747125
2,2021-04-21,-0.004536660634522516
2,2021-04-22,0.0070363949399170345
2,2021-04-23,-0.005412421597373429
2,2021-04-26,0.01328597749162852
2,2021-04-27,-0.007096841456154301
2,2021-04-28,-0.020119648824120206
2,2021-04-29,-0.009679440013271146
2,2021-04-30,-0.0034087448991777514
2,2021-05-03,-0.02479157549896116
2,2021-05-04,-0.007678059875269039
2,2021-05-06,0.023482990483256083
2,2021-05-07,0.0017024961182425802
2,2021-05-10,0.010250625742942665
2,2021-05-11,-0.016283094083251792
2,2021-05-12,-0.010017725430459201
2,2021-05-13,-0.014938770665821277
2,2021-05-14,0.004315430646123497
2,2021-05-17,-0.0033130423284850608
2,2021-05-18,0.010354295995638418
2,2021-05-20,0.013663463999451064
2,2021-05-21,0.001293613450416009
2,2021-05-24,-0.003120538995481703
2,2021-05-25,0.011103783733780848
2,2021-05-26,0.0031033281793850787
2,2021-05-27,0.011657217610120396
2,2021-05-28,0.0008112579086689831
2,2021-05-31,0.0021763674902328667
2,2021-06-01,0.002815333270636433
2,2021-06-02,0.008924469301594407
2,2021-06-03,0.004256507539048604
2,2021-06-04,0.004360635360482368
2,2021-06-07,0.02752964326040641
2,2021-06-08,-0.021483094849531037
2,2021-06-09,-0.014127155973660543
2,2021-06-10,-0.0031473876199701323
2,2021-06-11,0.011131748130283725
2,2021-06-14,0.004506861112482552
2,2021-06-15,0.0005292056187122807
2,2021-06-16,-0.0005092123789073311
2,2021-06-17,0.003784697495133438
2,2021-06-18,0.013887711638500333
2,2021-06-21,-0.010028099149306247
2,2021-06-22,0.004386836147075357
2,2021-06-23,0.0022079779120414145
2,2021-06-24,0.003231473406699825
2,2021-06-25,0.0015883503199534132
2,2021-06-28,-0.006134315846987093
2,2021-06-29,0.004673167486528351
2,2021-06-30,0.0007186397278446943
2,2021-07-01,-0.004736495530430762
2,2021-07-02,0.0003627818471152455
2,2021-07-05,-0.00037380304415746135
2,2021-07-06,0.01134541364456787
2,2021-07-07,-0.0034984786225356057
2,2021-07-08,-0.019138965286895737
2,2021-07-09,-0.0015649890834280589
2,2021-07-12,0.002344401191460843
2,2021-07-13,0.017349222283900012
2,2021-07-14,-0.0021002429222219954
2,2021-07-15,0.014291178957555717
2,2021-07-16,-0.012156434162983731
2,2021-07-19,0.002907779922793896
2,2021-07-20,0.003548425132121391
2,2021-07-21,-0.002590876703170486
2,2021-07-22,0.0070754150137728455
2,2021-07-23,0.000703185451462085
2,2021-07-26,-0.01077822309522003
2,2021-07-27,-0.0018611867867212029
2,2021-07-28,-0.002441814439924639
2,2021-07-29,-0.0043164917090084964
2,2021-07-30,-0.014273698015589087
2,2021-08-02,-0.006120823356040916
2,2021-08-03,-0.00014248717459575122
2,2021-08-04,0.00909578194856886
2,2021-08-05,-0.0003418822562916146
2,2021-08-06,-0.002784652039960034
2,2021-08-09,-0.014294490500832868
2,2021-08-10,-0.00300663629051634
2,2021-08-11,-0.004277515217204209
2,2021-08-12,0.007194562054973153
2,2021-08-13,-0.017949693655202492
2,2021-08-17,-0.022764305398566775
2,2021-08-18,0.008075903488030889
2,2021-08-19,-0.03195562731802293
2,2021-08-20,-0.005495547725514194
2,2021-08-23,0.004330784129803922
2,2021-08-24,0.014312031175189421
2,2021-08-25,0.00212303795985469
2,2021-08-26,0.0010064816065682436
2,2021-08-27,0.0009206905980148061
2,2021-08-30,-0.0010994864739349852
2,2021-08-31,0.006179729643698062
2,2021-09-01,0.010778227907064952
2,2021-09-02,-0.011246089402127568
2,2021-09-03,0.0020374760701868944
2,2021-09-06,0.010770846669176048
2,2021-09-07,-3.038571231361864e-05
2,2021-09-08,-0.006805195237761907
2,2021-09-09,-0.014239871939701443
2,2021-09-10,0.006448928062941173
2,2021-09-13,-0.007610666957930556
2,2021-09-14,0.014707823618913318
2,2021-09-15,0.0053616672759948525
2,2021-09-16,0.0025055098309569868
2,2021-09-17,-0.0034881102695010213
2,2021-09-23,-0.008053945043380306
2,2021-09-24,-0.0029882946679371525
2,2021-09-27,0.0009948864486855058
2,2021-09-28,-0.012665178087601148
2,2021-09-29,-0.012317527628357361
2,2021-09-30,-0.014548928552559515
2,2021-10-01,-0.020607538298728856
2,2021-10-05,-0.009956095333644166
2,2021-10-06,-0.029568852046733873
2,2021-10-07,0.019351252259240725
2,2021-10-08,0.007882550307695357
2,2021-10-12,0.0006848025322661044
2,2021-10-13,0.020576039472234298
2,2021-10-14,0.008332393285217732
2,2021-10-15,0.00991738214682547
2,2021-10-18,0.003906016368649734
2,2021-10-19,0.0030041448075577293
2,2021-10-20,-0.008075997486785336
2,2021-10-21,0.0036948416218829383
2,2021-10-22,0.004446782634025981
2,2021-10-25,0.004380363431371714
2,2021-10-26,0.008627521916279912
2,2021-10-27,-0.003915566952365612
2,2021-10-28,-0.014337869093840938
2,2021-10-29,-0.00440644253546052
2,2021-11-01,-0.014680710926404661
2,2021-11-02,0.010248805181533038
2,2021-11-03,-0.008448377659235784
2,2021-11-04,0.021246939574534274
2,2021-11-05,-0.004206417670148621
2,2021-11-08,0.007104793040795032
2,2021-11-09,0.004803935296110895
2,2021-11-10,-0.02560924832751965
2,2021-11-11,-0.008354217908433825
2,2021-11-12,0.025292350142026132
2,2021-11-15,0.006773077328704469
2,2021-11-16,-0.004432033359640708
2,2021-11-17,-0.002630803290113226
2,2021-11-18,0.00571504437844661
2,2021-11-19,-0.0015270306134590461
2,2021-11-22,0.0006595874081050113
2,2021-11-23,0.004880416512670349
2,2021-11-24,0.0005789198708572307
2,2021-11-25,-0.00566609828376996
2,2021-11-26,-0.014206120687900392
2,2021-11-29,-0.014116696106629245
2,2021-11-30,-0.015900495138017834
2,2021-12-01,0.020212772015688607
2,2021-12-02,-0.0041254709333958806
2,2021-12-03,0.019900016434174717
2,2021-12-06,0.0035543139024847292
2,2021-12-07,0.0036434699199703324
2,2021-12-08,-0.004936135471758751
2,2021-12-09,0.00938949549926682
2,2021-12-10,-0.01248585154840931
2,2021-12-13,-0.0013733940714593107
2,2021-12-14,-0.011390780030926084
2,2021-12-15,-0.008912355526011106
2,2021-12-16,0.007078814830297819
2,2021-12-17,0.010573744128416607
2,2021-12-20,-0.007750458755006795
2,2021-12-21,-0.002446580282502997
2,2021-12-22,-0.0006018918858240463
2,2021-12-23,-0.004601382268736964
2,2021-12-24,0.005230311779612862
2,2021-12-27,-0.007466185874834719
2,2021-12-28,0.005944806706302597
2,2021-12-29,0.012075662615829819
2,2021-12-30,-0.001604271957722725
3,2022-01-03,0.0
3,2022-01-04,0.0
3,2022-01-05,0.0
3,2022-01-06,0.0
3,2022-01-07,0.0
3,2022-01-10,0.0
3,2022-01-11,0.0
3,2022-01-12,0.0
3,2022-01-13,0.0
3,2022-01-14,0.0
3,2022-01-17,0.0
3,2022-01-18,0.0
3,2022-01-19,0.0
3,2022-01-20,0.0
3,2022-01-21,0.0
3,2022-01-24,0.0
3,2022-01-25,0.0
3,2022-01-26,0.0
3,2022-01-27,0.0
3,2022-01-28,0.0
3,2022-02-03,0.002120888292999945
3,2022-02-04,0.006167210036433168
3,2022-02-07,-0.0032386454268836795
3,2022-02-08,-0.0006731502520821442
3,2022-02-09,0.007064415448035266
3,2022-02-10,-0.005215707624742993
3,2022-02-11,-0.01015981384834963
3,2022-02-14,-0.01137910595073921
3,2022-02-15,-0.006860662631276937
3,2022-02-16,0.011358514389659069
3,2022-02-17,0.0033303162479345616
3,2022-02-18,0.010588631390933578
3,2022-02-21,0.00021111404984242021
3,2022-02-22,-0.005451116344891482
3,2022-02-23,0.0068174084358971765
3,2022-02-24,-0.00813863852001806
3,2022-02-25,0.007153967709099707
3,2022-02-28,0.004982094030997475
3,2022-03-02,0.0011022047585313999
3,2022-03-03,0.009575060689119175
3,2022-03-04,0.0028055609757984268
3,2022-03-07,-0.010341943833210077
3,2022-03-08,-0.008253699259151981
3,2022-03-10,0.006960981401829214
3,2022-03-11,0.0032241668152894754
3,2022-03-14,-0.003086765560591398
3,2022-03-15,-0.010017119954773612
3,2022-03-16,0.0029255428204333356
3,2022-03-17,0.0019601988331752196
3,2022-03-18,0.00584540735952821
3,2022-03-21,-0.0030636708582357786
3,2022-03-22,0.004261373404518043
3,2022-03-23,0.00374464777255068
3,2022-03-24,0.0016676790311977996
3,2022-03-25,-0.005263365106758067
3,2022-03-28,0.0004641059572887407
3,2022-03-29,-0.002318583623357795
3,2022-03-30,0.00010987967930153886
3,2022-03-31,0.0051651632505160805
3,2022-04-01,-0.0031726327591181658
3,2022-04-04,0.005978583116371228
3,2022-04-05,-0.0010065050588071722
3,2022-04-06,-0.006223572028088875
3,2022-04-07,-0.004659242399525754
3,2022-04-08,0.00022330114011159807
3,2022-04-11,-0.005682547619699441
3,2022-04-12,-0.0025289825373044916
3,2022-04-13,0.00822160262774907
3,2022-04-14,0.0038205009282594737
3,2022-04-15,-0.0010328854429703105
3,2022-04-18,1.5357607446642163e-05
3,2022-04-19,0.004488533673784767
3,2022-04-20,-0.003983843195874859
3,2022-04-21,0.002906720278972319
3,2022-04-22,-0.0011448940836746857
3,2022-04-25,-0.014033037835976647
3,2022-04-26,0.0013042156552030004
3,2022-04-27,-0.002511445567754622
3,2022-04-28,0.00014368291655575405
3,2022-04-29,-0.0003578558709808055
3,2022-05-02,0.0024661152513008044
3,2022-05-03,0.004260339860232998
3,2022-05-04,0.00220467271692093
3,2022-05-06,-0.0049272607173571625
3,2022-05-09,-0.007625227570057236
3,2022-05-10,-0.005005538759420891
3,2022-05-11,-0.0032764386534409606
3,2022-05-12,-0.008746393605934322
3,2022-05-13,0.0075742398150471235
3,2022-05-16,-0.0004185021476240669
3,2022-05-17,0.0011816467065439706
3,2022-05-18,-0.0021214464344347927
3,2022-05-19,-0.002538895485418302
3,2022-05-20,0.005060777048497389
3,2022-05-23,0.0015655883275198512
3,2022-05-24,-0.004801779242464277
3,2022-05-25,-1.533448109403146e-05
3,2022-05-26,0.0001157240886764388
3,2022-05-27,0.0001498530002002063
3,2022-05-30,0.0034052191918167996
3,2022-05-31,0.003168911230347682
3,2022-06-02,-0.006218748569003063
3,2022-06-03,-0.0028962339006801674
3,2022-06-07,-0.01064363218792208
3,2022-06-08,-0.0015089710212996543
3,2022-06-09,0.001081506263243437
3,2022-06-10,-0.005044435779873457
3,2022-06-13,-0.02082854512340382
3,2022-06-14,-4.459613188401157e-05
3,2022-06-15,-0.010336893795995339
3,2022-06-16,0.0022946373562824363
3,2022-06-17,0.0022646825395904457
3,2022-06-20,-0.006486428803685884
3,2022-06-21,-0.004488034116917672
3,2022-06-22,-0.007975733425154785
3,2022-06-23,-0.006228278847518753
3,2022-06-24,0.002443618059341235
3,2022-06-27,0.0005204792730781893
3,2022-06-28,0.00124291430507939
3,2022-06-29,-0.0005247932407784761
3,2022-06-30,-0.004172029168016289
3,2022-07-01,-0.004355736789075859
3,2022-07-04,-0.010941458196028875
3,2022-07-05,0.012187976112594479
3,2022-07-06,-0.012343737632974916
3,2022-07-07,0.007727553685561439
3,2022-07-08,0.0009760510909759823
3,2022-07-11,-0.003924498404189736
3,2022-07-12,-0.01193681113262679
3,2022-07-13,0.004802085355638086
3,2022-07-14,0.0008349777813612125
3,2022-07-15,-0.004097116597978734
3,2022-07-18,0.011130187935699087
3,2022-07-19,0.0005724465216474517
3,2022-07-20,0.00420248989194949
3,2022-07-21,0.002559137350428342
3,2022-07-22,-0.001141372797191842
3,2022-07-25,0.0020313916054714998
3,2022-07-26,0.0036734648148948335
3,2022-07-27,-0.00029529530540362003
3,2022-07-28,0.0027906339197130148
3,2022-07-29,0.005483222323661607
3,2022-08-01,0.003143944280885158
3,2022-08-02,-0.00406558538466284
3,2022-08-03,0.0008510163009476379
3,2022-08-04,-0.0013154059770297266
3,2022-08-05,0.0034033047766002245
3,2022-08-08,0.0031468087163599723
3,2022-08-09,-0.001567357384690271
3,2022-08-10,-0.007300130101222657
3,2022-08-11,0.004280886452913801
3,2022-08-12,0.0020761903673744975
3,2022-08-16,0.0038634793950058643
3,2022-08-17,0.005284758563516512
3,2022-08-18,0.004750725822302293
3,2022-08-19,-0.0014913985397138063
3,2022-08-22,-0.005453430910011603
3,2022-08-23,-0.0022439799181114273
3,2022-08-24,0.0036083446943502295
3,2022-08-25,0.005732872519555787
3,2022-08-26,-0.001574540347426212
3,2022-08-29,-0.009508785082197102
3,2022-08-30,0.005222506381127534
3,2022-08-31,0.004699063599964637
3,2022-09-01,-0.012685241343714515
3,2022-09-02,0.0015720320088536965
3,2022-09-05,-0.003949896097672823
3,2022-09-06,0.0022398901876183874
3,2022-09-07,-0.005956044806923133
3,2022-09-08,0.0017343082094334328
3,2022-09-13,0.0022174473796408023
3,2022-09-14,-0.004105986702239828
3,2022-09-15,0.0017134335503286025
3,2022-09-16,-0.003737906147667891
3,2022-09-19,-0.004732550696927906
3,2022-09-20,0.0037431207294635893
3,2022-09-21,-0.002356197427646922
3,2022-09-22,0.001568117603185648
3,2022-09-23,-0.007613504623042999
3,2022-09-26,-0.009408992709678321
3,2022-09-27,0.001111700619626843
3,2022-09-28,-0.004616735381290704
3,2022-09-29,0.0013628097234548164
3,2022-09-30,-0.0025693434669636916
3,2022-10-04,0.006979551129979722
3,2022-10-05,-0.00425141615808966
3,2022-10-06,0.007137413501899337
3,2022-10-07,-0.005947139711269367
3,2022-10-11,-0.015321040997722357
3,2022-10-12,0.006555589176653331
3,2022-10-13,-0.01436419540176792
3,2022-10-14,0.011967435748160948
3,2022-10-17,0.0018639902123227525
3,2022-10-18,0.004782579234865469
3,2022-10-19,-0.0014624644741835224
3,2022-10-20,-0.000865528121489767
3,2022-10-21,-0.0006455116770557323
3,2022-10-24,0.004574073493901043
3,2022-10-25,-0.00046682793340657724
3,2022-10-26,-0.0021282394775562485
3,2022-10-27,0.005300052705494496
3,2022-10-28,0.0057783713057215635
3,2022-10-31,0.0012156761530710547
3,2022-11-01,0.0075920384069778635
3,2022-11-02,-0.00048353890933994226
3,2022-11-03,-0.0013095695666232032
3,2022-11-04,0.007125821770407548
3,2022-11-07,-0.00901433928382589
3,2022-11-08,0.005635156928929463
3,2022-11-09,0.0008951759261031089
3,2022-11-10,-0.0036827076766721145
3,2022-11-11,0.01019076311240652
3,2022-11-14,-0.0025512040710812256
3,2022-11-15,0.006702416600450345
3,2022-11-16,0.0038565836016097865
3,2022-11-17,-0.007519552129329199
3,2022-11-18,0.00017214300825973972
3,2022-11-21,-0.0036034774035254014
3,2022-11-22,0.0027813667056793
3,2022-11-23,0.0028720634490946306
3,2022-11-24,0.003016805780891918
3,2022-11-25,-0.0015536425052653513
3,2022-11-28,-0.00480344081740447
3,2022-11-29,0.005503462126625891
3,2022-11-30,0.004065040361890926
3,2022-12-01,0.0004628453575075131
3,2022-12-02,-0.005470090899565849
3,2022-12-05,0.0010670995149399953
3,2022-12-06,-0.003813822370453246
3,2022-12-07,0.0014113873329371085
3,2022-12-08,0.0014609277508585983
3,2022-12-09,0.0029250354889065466
3,2022-12-12,-0.0017957722769729179
3,2022-12-13,-0.00026617684490437554
3,2022-12-14,0.0020241425649722977
3,2022-12-15,-0.0028320937421517645
3,2022-12-16,-0.0027375576358090736
3,2022-12-19,0.0018685479615616618
3,2022-12-20,0.0006941508263886842
3,2022-12-21,0.005299605845207056
3,2022-12-22,0.0035281837334253385
3,2022-12-23,-0.006005707210633648
3,2022-12-26,0.002730794438678741
3,2022-12-27,0.00601149515740218
3,2022-12-28,-0.004478077346175113
3,2022-12-29,-0.006567012545528272
4,2023-01-02,0.0
4,2023-01-03,0.0
4,2023-01-04,0.0
4,2023-01-05,0.0
4,2023-01-06,0.0
4,2023-01-09,0.0
4,2023-01-10,0.0
4,2023-01-11,0.0
4,2023-01-12,0.0
4,2023-01-13,0.0
4,2023-01-16,0.0
4,2023-01-17,0.0
4,2023-01-18,0.0
4,2023-01-19,0.0
4,2023-01-20,0.0
4,2023-01-25,0.0
4,2023-01-26,0.0
4,2023-01-27,0.0
4,2023-01-30,0.0
4,2023-01-31,0.0
4,2023-02-01,-0.0012283554989999113
4,2023-02-02,0.0010161381789197677
4,2023-02-03,0.001340916239354062
4,2023-02-06,-0.004429637070342052
4,2023-02-07,-0.0030571313564874414
4,2023-02-08,0.002170884856339539
4,2023-02-09,0.0018935479697252955
4,2023-02-10,-0.0032419146436813984
4,2023-02-13,0.0018997061798582404
4,2023-02-14,0.0009648183847312808
4,2023-02-15,-0.011392661830778583
4,2023-02-16,0.0034842505683749803
4,2023-02-17,0.0012946725759301891
4,2023-02-20,-0.003760246400025924
4,2023-02-21,0.001440259343870487
4,2023-02-22,-0.003146521862227525
4,2023-02-23,0.004222198862995352
4,2023-02-24,-0.0010802554965698707
4,2023-02-27,-0.004441262825190306
4,2023-02-28,-0.00048486373352052414
4,2023-03-02,0.010925808772002776
4,2023-03-03,-0.0007926356557370617
4,2023-03-06,-0.0030162066607386517
4,2023-03-07,0.008839491780274766
4,2023-03-08,-0.006219728183372797
4,2023-03-09,0.0005052498368565139
4,2023-03-10,-0.010378861316815313
4,2023-03-13,-0.0009793207108532709
4,2023-03-14,-0.011453421028417843
4,2023-03-15,0.011664164501182572
4,2023-03-16,0.0003854830660490194
4,2023-03-17,-0.0022991745451083068
4,2023-03-20,-0.0010040561498102507
4,2023-03-21,0.0032473358682234554
4,2023-03-22,-0.0025017263629114606
4,2023-03-23,-0.002274970692945577
4,2023-03-24,0.0002083489923767612
4,2023-03-27,0.0025685885203150516
4,2023-03-28,0.004284809757876706
4,2023-03-29,0.0003237852569362154
4,2023-03-30,-0.0020465756706209426
4,2023-03-31,0.0038793553626126354
4,2023-04-03,-0.000648176811785528
4,2023-04-04,0.010285576265383067
4,2023-04-05,0.002013425986625572
4,2023-04-06,-0.009071746981479945
4,2023-04-07,-0.0075732055052760705
4,2023-04-10,0.0028108457270596965
4,2023-04-11,0.012351552195922988
4,2023-04-12,0.009798392150052626
4,2023-04-13,0.015674787940633594
4,2023-04-14,0.007045886592592643
4,2023-04-17,0.017084011125011678
4,2023-04-18,0.003245159672030873
4,2023-04-19,0.010861138650110291
4,2023-04-20,-0.0028452823725316767
4,2023-04-21,-0.005563036249765729
4,2023-04-24,-0.0010339561779941775
4,2023-04-25,0.000983475134377798
4,2023-04-26,-0.009147620235919085
4,2023-04-27,0.006946471342755833
4,2023-04-28,-0.010588532251856964
4,2023-05-02,0.015499631905441902
4,2023-05-03,0.0016202623418217765
4,2023-05-04,-0.00914800838527352
4,2023-05-08,-0.0072112454839675655
4,2023-05-09,-0.008634678068527468
4,2023-05-10,-0.005437215463143463
4,2023-05-11,-0.0028170053179493726
4,2023-05-12,-0.01560621238150095
4,2023-05-15,0.005893057332262641
4,2023-05-16,0.005268308192033722
4,2023-05-17,-0.002526869158206657
4,2023-05-18,0.0011282095543483361
4,2023-05-19,-0.002210081748915682
4,2023-05-22,0.010322766550620699
4,2023-05-23,0.0038695441602110137
4,2023-05-24,0.004323337068224298
4,2023-05-25,-0.0007400266754631346
4,2023-05-26,0.001135649936337746
4,2023-05-30,0.00721166289363917
4,2023-05-31,0.0029752649855221414
4,2023-06-01,0.0028570560354603813
4,2023-06-02,0.014040852045523522
4,2023-06-05,0.008761413348910896
4,2023-06-07,0.001958115222325363
4,2023-06-08,0.0015613491132122626
4,2023-06-09,0.014183411688926117
4,2023-06-12,-0.0020853809483090124
4,2023-06-13,-0.001418319753364261
4,2023-06-14,-0.005954205887142572
4,2023-06-15,0.0024986835794924556
4,2023-06-16,0.027477733338299393
4,2023-06-19,0.01392769269622307
4,2023-06-20,0.0065713907871989274
4,2023-06-21,-0.01199793770805524
4,2023-06-22,0.009438531898839031
4,2023-06-23,-0.008584769748817722
4,2023-06-26,0.002658900080980686
4,2023-06-27,0.013367750891956076
4,2023-06-28,-0.012661830213221092
4,2023-06-29,0.009266982365330856
4,2023-06-30,0.009234567555846063
4,2023-07-03,0.019756692597573844
4,2023-07-04,0.0031486283604702514
4,2023-07-05,-0.001459673753598123
4,2023-07-06,-0.01112315361618188
4,2023-07-07,0.0025833494052207584
4,2023-07-10,-0.003148227576365792
4,2023-07-11,0.016486503902150673
4,2023-07-12,0.006431221954285471
4,2023-07-13,0.014912170168995376
4,2023-07-14,0.008807379105254753
4,2023-07-17,0.0015296961688739952
4,2023-07-18,0.0013031153818765517
4,2023-07-19,-0.00398698366031891
4,2023-07-20,0.012794479697313843
4,2023-07-21,0.004684863552204543
4,2023-07-24,0.019511893819355253
4,2023-07-25,0.020213409844806796
4,2023-07-26,-0.024247086100997017
4,2023-07-27,-0.013133233674717082
4,2023-07-28,0.0003794612223313454
4,2023-07-31,0.008507741376548639
4,2023-08-01,-0.006843758921407539
4,2023-08-02,-0.02491035277721798
4,2023-08-03,-0.004555216708068133
4,2023-08-04,0.002327125111556416
4,2023-08-07,-0.016198259845019103
4,2023-08-08,-0.00035340180911302976
4,2023-08-09,-0.002164650167266746
4,2023-08-10,-0.0051950062065112546
4,2023-08-11,0.009523170809084602
4,2023-08-14,0.0011807984156595452
4,2023-08-16,-0.01868579920017943
4,2023-08-17,-0.006662858122717941
4,2023-08-18,0.011103340271451767
4,2023-08-21,0.0015498483338560742
4,2023-08-22,-0.0011921590639685231
4,2023-08-23,0.00014760152456405606
4,2023-08-24,-0.0005776446442404826
4,2023-08-25,-0.003749600380513307
4,2023-08-28,-0.0007243517454745829
4,2023-08-29,0.0023870549610094383
4,2023-08-30,0.0030504710605305796
4,2023-08-31,0.0014798583319672876
4,2023-09-01,-0.011228192939067627
4,2023-09-04,0.006534900023585921
4,2023-09-05,0.0021733765011218154
4,2023-09-06,-0.006862949255293294
4,2023-09-07,-0.0036913971670009538
4,2023-09-08,0.0025866080774648026
4,2023-09-11,0.010336918135100959
4,2023-09-12,-0.008829581954823862
4,2023-09-13,-0.008294885969509336
4,2023-09-14,0.008414868136056075
4,2023-09-15,0.006937633956019651
4,2023-09-18,-0.00027088664381902383
4,2023-09-19,-0.0006893940660138709
4,2023-09-20,-0.0012252025607747408
4,2023-09-21,-0.009697490276146525
4,2023-09-22,0.0016771382545250901
4,2023-09-25,-0.010092608403118208
4,2023-09-26,-0.006553162086332054
4,2023-09-27,0.007706041021867005
4,2023-10-04,-0.011112868526745534
4,2023-10-05,-0.0015372575787161447
4,2023-10-06,0.0028681517549407065
4,2023-10-10,-0.006579256505049091
4,2023-10-11,0.011945138569547709
4,2023-10-12,0.011406175756613068
4,2023-10-13,-0.0013578538433606235
4,2023-10-16,-0.004115224804181583
4,2023-10-17,0.005979858651869563
4,2023-10-18,-0.0010231422208919483
4,2023-10-19,-0.0167372502024542
4,2023-10-20,-0.008759224852075809
4,2023-10-23,-0.007729235020075831
4,2023-10-24,0.008661192565229792
4,2023-10-25,0.001525912894538406
4,2023-10-26,-0.012623456831834301
4,2023-10-27,-0.0019417128244902937
4,2023-10-30,-0.00016138036941348854
4,2023-10-31,-0.0031839852650977774
4,2023-11-01,0.004895252521230242
4,2023-11-02,0.016968698015419115
4,2023-11-03,-0.0006566755827379644
4,2023-11-06,0.03755419921622205
4,2023-11-07,-0.007677968359196874
4,2023-11-08,-0.005344248102785221
4,2023-11-09,0.0014784039187443199
4,2023-11-10,0.0010315616510527814
4,2023-11-13,-0.008590708671213587
4,2023-11-14,0.004603670616879052
4,2023-11-15,0.007924922250247546
4,2023-11-16,-0.0013625170749559379
4,2023-11-17,-0.0023445356662560313
4,2023-11-20,0.00017764162639366532
4,2023-11-21,0.003131512886769272
4,2023-11-22,0.0025043550551615557
4,2023-11-23,-0.0002039657142747231
4,2023-11-24,0.004993735589087445
4,2023-11-27,-0.0007747021285640088
4,2023-11-28,0.006406816727874576
4,2023-11-29,-0.0023265482535586024
4,2023-11-30,0.0029521343487313167
4,2023-12-01,-0.0055461223581605434
4,2023-12-04,-0.004595245417282179
4,2023-12-05,-0.012598886896671768
4,2023-12-06,0.0003537278622161022
4,2023-12-07,-0.008962893280878736
4,2023-12-08,0.004470734968452739
4,2023-12-11,0.0032766807265620645
4,2023-12-12,0.0018255801256161774
4,2023-12-13,-0.001899223654518778
4,2023-12-14,0.01244577309628192
4,2023-12-15,0.0002253230822555352
4,2023-12-18,0.010292295008311747
4,2023-12-19,0.0009560068132836719
4,2023-12-20,0.016158522523886498
4,2023-12-21,-0.007583100218213401
4,2023-12-22,0.0038184999290407085
4,2023-12-26,-0.005656901374092915
4,2023-12-27,0.013868770414331655
4,2023-12-28,0.007546851350365369
5,2024-01-02,0.0
5,2024-01-03,0.0
5,2024-01-04,0.0
5,2024-01-05,0.0
5,2024-01-08,0.0
5,2024-01-09,0.0
5,2024-01-10,0.0
5,2024-01-11,0.0
5,2024-01-12,0.0
5,2024-01-15,0.0
5,2024-01-16,0.0
5,2024-01-17,0.0
5,2024-01-18,0.0
5,2024-01-19,0.0
5,2024-01-22,0.0
5,2024-01-23,0.0
5,2024-01-24,0.0
5,2024-01-25,0.0
5,2024-01-26,0.0
5,2024-01-29,0.0
5,2024-01-30,0.0
5,2024-01-31,0.0
5,2024-02-01,-0.001377004980500085
5,2024-02-02,0.010515850378345126
5,2024-02-05,-0.004984192409131616
5,2024-02-06,0.00753521559025172
5,2024-02-07,-0.0005561449247161177
5,2024-02-08,0.01129592628491971
5,2024-02-13,0.004056001185425817
5,2024-02-14,-0.0010780421045176736
5,2024-02-15,0.0032065603963702394
5,2024-02-16,-0.0034253148224056007
5,2024-02-19,0.0027304432582626603
5,2024-02-20,0.003968986404876196
5,2024-02-21,-0.001485877947043357
5,2024-02-22,0.008324869306928218
5,2024-02-23,-0.000748096440419177
5,2024-02-26,0.002955084533510899
5,2024-02-27,-0.009051585833173226
5,2024-02-28,0.0064078049944116255
5,2024-02-29,-0.009320598754934295
5,2024-03-04,0.037671131619314346
5,2024-03-05,0.0007917029462001235
5,2024-03-06,0.014098717207155165
5,2024-03-07,-0.009059971093505426
5,2024-03-08,0.019160450990895805
5,2024-03-11,-0.007330808929192356
5,2024-03-12,0.0051591895846894165
5,2024-03-13,0.008251668230062625
5,2024-03-14,-0.0038081225904832428
5,2024-03-15,-0.01582189252020283
5,2024-03-18,0.0232128382158181
5,2024-03-19,-0.010799697567897781
5,2024-03-20,0.0010432365328911786
5,2024-03-21,0.024876915315672266
5,2024-03-22,-0.0008086475873727572
5,2024-03-25,0.00876260275781493
5,2024-03-26,0.019110889874524473
5,2024-03-27,0.010519135343808772
5,2024-03-28,0.007177413183729886
5,2024-03-29,-0.0003782719230217557
5,2024-04-01,0.007236900221107456
5,2024-04-02,-0.006810353094371946
5,2024-04-03,-0.011865238995408367
5,2024-04-04,0.022011059720175252
5,2024-04-05,-0.01559364788764206
5,2024-04-08,-0.006565642057497656
5,2024-04-09,0.005712168008778606
5,2024-04-11,0.024096017924365887
5,2024-04-12,0.005790274184108712
5,2024-04-15,-0.002727687919928279
5,2024-04-16,-0.03155898821513836
5,2024-04-17,0.007943505151174035
5,2024-04-18,0.027518801760134437
5,2024-04-19,-0.0133179167898827
5,2024-04-22,-0.0016926455348333924
5,2024-04-23,0.005117210575289466
5,2024-04-24,0.018979416293592788
5,2024-04-25,-0.006891208046821196
5,2024-04-26,0.004146072179781024
5,2024-04-29,0.00902055984297756
5,2024-04-30,-0.0036322313516027327
5,2024-05-02,-0.0015945328760273991
5,2024-05-03,-0.008789636684593427
5,2024-05-07,0.008799335951237497
5,2024-05-08,0.0033974093602016087
5,2024-05-09,-0.0012975161592934104
5,2024-05-10,0.00015417444122833857
5,2024-05-13,0.0007103207085346064
5,2024-05-14,0.0015776920304124697
5,2024-05-16,0.008556175871620608
5,2024-05-17,0.0035029409322901994
5,2024-05-20,0.012964087900228849
5,2024-05-21,-0.0005516782084313832
5,2024-05-22,-0.004213696775263953
5,2024-05-23,-0.002481641629221265
5,2024-05-24,0.0010911474306289914
5,2024-05-27,0.0054583342256184775
5,2024-05-28,0.006507584308746317
5,2024-05-29,-0.002864626765518574
5,2024-05-30,-0.006283134414195812
5,2024-05-31,0.0008475492749659974
5,2024-06-03,0.007142460216202684
5,2024-06-04,-0.007985061219135225
5,2024-06-05,0.0002629693060616223
5,2024-06-07,0.004197166065114777
5,2024-06-10,-0.0007706202448553023
5,2024-06-11,0.0008125114944184109
5,2024-06-12,0.010968242077470824
5,2024-06-13,0.01823546119611197
5,2024-06-14,0.002444449939589921
5,2024-06-17,0.008089740890800279
5,2024-06-18,0.0017830953320530085
5,2024-06-19,0.00010657393722168784
5,2024-06-20,-0.0021638828444230374
5,2024-06-21,0.0010868061943922758
5,2024-06-24,-0.006052149443342092
5,2024-06-25,-0.0002886984959492578
5,2024-06-26,0.004868132306708128
5,2024-06-27,-0.0012687130659576606
5,2024-06-28,0.009970838007822058
5,2024-07-01,-0.01976005147226445
5,2024-07-02,-0.010590747195911798
5,2024-07-03,-0.00837808050465505
5,2024-07-04,-0.00880676939479108
5,2024-07-05,-0.005086628442677599
5,2024-07-08,0.01385973499140336
5,2024-07-09,0.02211719078865504
5,2024-07-10,0.014369958951065964
5,2024-07-11,0.007112455620511993
5,2024-07-12,-0.0026348334622512404
5,2024-07-15,0.0057130008488006645
5,2024-07-16,0.0085780559770956
5,2024-07-17,-0.014718388326414922
5,2024-07-18,-0.020353269620614678
5,2024-07-19,-0.001000308028829222
5,2024-07-22,-0.006861947534708812
5,2024-07-23,0.03483173422481656
5,2024-07-24,0.010239583457038792
5,2024-07-25,-0.034679034618383175
5,2024-07-26,-0.001939779242296047
5,2024-07-29,0.0141571652235295
5,2024-07-30,0.0011708364437585939
5,2024-07-31,-0.00777236493931488
5,2024-08-01,-0.0033928214637278797
5,2024-08-02,-0.02748464061733047
5,2024-08-05,-0.044561588425849674
5,2024-08-06,0.01162037761250101
5,2024-08-07,-0.009682324987846713
5,2024-08-08,-0.0005448117264024166
5,2024-08-09,1.5023486158227684e-05
5,2024-08-12,0.0006860622275148831
5,2024-08-13,-0.0011503264057064477
5,2024-08-14,-0.0007865831003496249
5,2024-08-16,0.0005742732705076303
5,2024-08-19,-0.0007316278447603297
5,2024-08-20,-0.0003885188922188032
5,2024-08-21,5.284328656229853e-05
5,2024-08-22,-0.0002377822243359029
5,2024-08-23,0.00018498571635405803
5,2024-08-26,-0.00010568657312448604
5,2024-08-27,0.0002906687958812437
5,2024-08-28,-0.0001585005447727328
5,2024-08-29,-0.0005284189039266307
5,2024-08-30,-0.00023791422514107818
5,2024-09-02,-0.01170546629996605
5,2024-09-03,-0.0006237495157974671
5,2024-09-04,-0.020741661720202975
5,2024-09-05,-0.012114123660586062
5,2024-09-06,-0.006075496837705474
5,2024-09-09,0.0028517882700829222
5,2024-09-10,0.001613963422667064
5,2024-09-11,-8.797049369091425e-05
5,2024-09-12,0.009350147407581444
5,2024-09-13,-6.474955531443616e-05
5,2024-09-19,0.0036253407152588846
5,2024-09-20,0.0009444145953561023
5,2024-09-23,0.0041963219277183494
5,2024-09-24,0.003799680000164729
5,2024-09-25,-0.007601065377433325
5,2024-09-26,0.010059702802681869
5,2024-09-27,-0.0013533887012704415
5,2024-09-30,-0.0031700467297205437
5,2024-10-02,-0.004715059675722277
5,2024-10-04,0.008476665760013491
5,2024-10-07,0.011806402680555106
5,2024-10-08,-0.004160668523320532
5,2024-10-10,0.0025175837444304516
5,2024-10-11,-0.002333418805583798
5,2024-10-14,0.011736884369799139
5,2024-10-15,0.005897099895971758
5,2024-10-16,-0.0008154167959470993
5,2024-10-17,0.013232424216823135
5,2024-10-18,-0.010245493510445014
5,2024-10-21,0.0027256792159544574
5,2024-10-22,-0.0013908992967183176
5,2024-10-23,-0.0055249426887067354
5,2024-10-24,-0.0016117717262186249
5,2024-10-25,0.0017313235376852365
5,2024-10-28,-0.005295662441712534
5,2024-10-29,7.005283845828991e-05
5,2024-10-30,-0.004327138995293245
5,2024-10-31,-0.007446596509398273
5,2024-11-01,-0.004606516740977118
5,2024-11-04,0.010898677574444626
5,2024-11-05,-0.00018200934377210487
5,2024-11-06,0.00658235560518361
5,2024-11-07,0.0033901410917220876
5,2024-11-08,-0.002946831000857353
5,2024-11-11,-0.004485782426078666
5,2024-11-12,-0.010755333338369644
5,2024-11-13,-0.01281922407586955
5,2024-11-14,0.0031871950262520876
5,2024-11-15,-0.0038371726441904785
5,2024-11-18,-0.0033365637890583333
5,2024-11-19,0.000445828632911871
5,2024-11-20,0.004269130271008947
5,2024-11-21,-0.009641272663846623
5,2024-11-22,0.0028847009732710926
5,2024-11-25,0.0022572548993451402
5,2024-11-26,-0.004046723472317382
5,2024-11-27,-0.0015200318771465549
5,2024-11-28,-0.0017943213735551744
5,2024-11-29,-0.002576818902393918
5,2024-12-02,-0.005691696721913386
5,2024-12-03,0.01805021444772037
5,2024-12-04,-0.006701764482427763
5,2024-12-05,-0.006036358650344464
5,2024-12-06,-0.007326946444631388
5,2024-12-09,-0.018835913227798318
5,2024-12-10,0.015354262296100929
5,2024-12-11,0.011731946662329351
5,2024-12-12,0.002174029807752831
5,2024-12-13,0.003594515910005258
5,2024-12-16,0.005279682514915729
5,2024-12-17,0.0009646221109878006
5,2024-12-18,-0.002444470995367154
5,2024-12-19,-0.0008066155324120139
5,2024-12-20,-0.00896419350317057
5,2024-12-23,0.013186223942216468
5,2024-12-24,0.0008751406357674352
5,2024-12-26,-0.0015827097438506632
5,2024-12-27,-0.0019420566118995009
5,2024-12-30,0.0004148076989809457
